mmsi,lon,lat,speed,traj_label,time2
355516000.0,117.16892833333333,22.635885,12.7,3304,2019-12-20 01:14
355516000.0,117.14982,22.582785,12.3,3304,2019-12-20 01:30
355516000.0,117.12003833333333,22.53088,12.5,3304,2019-12-20 01:47
355516000.0,117.05863166666668,22.43205,12.7,3304,2019-12-20 02:19
355516000.0,117.03180833333332,22.38418,12.5,3304,2019-12-20 02:34
355516000.0,117.00472333333332,22.33598333333333,12.6,3304,2019-12-20 02:49
355516000.0,116.95053333333334,22.23925166666667,12.7,3304,2019-12-20 03:19
355516000.0,116.92437333333334,22.190411666666662,12.6,3304,2019-12-20 03:34
355516000.0,116.88726833333334,22.14077333333333,12.8,3304,2019-12-20 03:51
355516000.0,116.86372666666666,22.091645,12.2,3304,2019-12-20 04:06
355516000.0,116.81954833333332,21.99291833333333,12.8,3304,2019-12-20 04:36
355516000.0,116.79089833333332,21.94503833333333,12.5,3304,2019-12-20 04:51
355516000.0,116.76307,21.89845666666667,12.2,3304,2019-12-20 05:06
355516000.0,116.70659666666668,21.7996,12.2,3304,2019-12-20 05:37
355516000.0,116.58928833333331,21.60713333333333,12.9,3304,2019-12-20 06:39
355516000.0,115.82699166666669,20.352796666666663,13.0,3304,2019-12-20 13:19
355516000.0,115.76848833333334,20.25680833333333,13.2,3304,2019-12-20 13:49
355516000.0,115.72668333333333,20.18845,13.4,3304,2019-12-20 14:10
355516000.0,115.70315166666668,20.151101666666666,12.7,3304,2019-12-20 14:22
355516000.0,115.675445,20.101793333333333,13.3,3304,2019-12-20 14:37
355516000.0,115.66912333333332,20.090311666666672,13.2,3304,2019-12-20 14:41
355516000.0,115.62148833333332,20.00157833333333,13.2,3304,2019-12-20 15:08
355516000.0,115.587865,19.94133,13.3,3304,2019-12-20 15:26
355516000.0,115.55848166666668,19.892886666666666,13.3,3304,2019-12-20 15:41
355516000.0,115.52785666666666,19.845701666666667,13.0,3304,2019-12-20 15:56
355516000.0,115.46570166666666,19.75215333333333,13.0,3304,2019-12-20 16:27
355516000.0,114.83878333333334,18.780368333333328,12.8,3304,2019-12-20 21:36
355516000.0,113.95896666666668,17.398151666666667,12.9,3304,2019-12-21 05:22
355516000.0,113.91105166666668,17.32315,13.1,3304,2019-12-21 05:47
355516000.0,113.84822333333334,17.229595,13.1,3304,2019-12-21 06:17
355516000.0,113.81802,17.182706666666668,13.2,3304,2019-12-21 06:32
355516000.0,113.78964,17.134106666666668,13.2,3304,2019-12-21 06:47
355516000.0,113.729405,17.03807,13.3,3304,2019-12-21 07:17
355516000.0,113.69969666666668,16.990973333333333,12.9,3304,2019-12-21 07:32
355516000.0,113.68026833333332,16.958861666666667,12.9,3304,2019-12-21 07:43
355516000.0,113.64220833333331,16.894651666666668,12.9,3304,2019-12-21 08:03
355516000.0,113.60588166666666,16.83341666666667,13.0,3304,2019-12-21 08:23
355516000.0,113.58737,16.80273,12.9,3304,2019-12-21 08:33
355516000.0,113.55016833333332,16.748686666666668,13.1,3304,2019-12-21 08:50
355516000.0,113.513305,16.699233333333332,13.0,3304,2019-12-21 09:07
355516000.0,113.49093666666668,16.666008333333334,12.9,3304,2019-12-21 09:18
355516000.0,113.46092333333333,16.619476666666667,13.0,3304,2019-12-21 09:33
355516000.0,113.43289666666666,16.572025,12.9,3304,2019-12-21 09:48
355516000.0,113.37360833333334,16.47368833333333,13.2,3304,2019-12-21 10:20
355516000.0,113.34128666666666,16.424858333333333,13.3,3304,2019-12-21 10:35
355516000.0,113.29556666666667,16.355093333333333,13.1,3304,2019-12-21 10:58
355516000.0,113.26501333333331,16.306735,13.0,3304,2019-12-21 11:13
355516000.0,113.251255,16.28511,12.9,3304,2019-12-21 11:20
355516000.0,113.22252,16.240454999999997,12.9,3304,2019-12-21 11:35
355516000.0,113.15210166666668,16.126998333333333,12.9,3304,2019-12-21 12:12
355516000.0,113.09554166666666,16.031668333333332,13.0,3304,2019-12-21 12:42
355516000.0,113.06808166666669,15.984491666666669,13.0,3304,2019-12-21 12:57
355516000.0,113.05801166666669,15.967075,13.0,3304,2019-12-21 13:03
355516000.0,113.03383666666667,15.924936666666667,12.9,3304,2019-12-21 13:16
355516000.0,113.00277666666666,15.871416666666669,12.9,3304,2019-12-21 13:33
355516000.0,112.97519,15.824541666666669,12.9,3304,2019-12-21 13:48
355516000.0,112.94913833333334,15.780891666666667,12.8,3304,2019-12-21 14:02
355516000.0,112.93069333333334,15.750035,12.7,3304,2019-12-21 14:12
355516000.0,112.90951333333334,15.71445,12.9,3304,2019-12-21 14:24
355516000.0,112.88025,15.664881666666664,12.2,3304,2019-12-21 14:39
355516000.0,112.86473166666669,15.638678333333331,13.0,3304,2019-12-21 14:48
355516000.0,112.85235166666666,15.617779999999998,13.0,3304,2019-12-21 14:54
355516000.0,112.83557333333331,15.589520000000002,13.0,3304,2019-12-21 15:03
355516000.0,112.80143,15.53258,12.9,3304,2019-12-21 15:22
355516000.0,112.77679166666668,15.49586,12.9,3304,2019-12-21 15:34
355516000.0,112.74633666666666,15.451378333333333,13.0,3304,2019-12-21 15:49
355516000.0,112.709105,15.397095000000002,13.1,3304,2019-12-21 16:07
355516000.0,112.65068,15.30718,13.1,3304,2019-12-21 16:36
355516000.0,112.63627,15.284203333333336,13.1,3304,2019-12-21 16:43
355516000.0,112.62111333333333,15.260401666666668,13.0,3304,2019-12-21 16:51
355516000.0,112.57671333333332,15.192215,12.9,3304,2019-12-21 17:13
355516000.0,112.55850166666669,15.163636666666669,12.4,3304,2019-12-21 17:22
355516000.0,112.52570166666666,15.102796666666665,12.9,3304,2019-12-21 17:42
355516000.0,112.4977,15.05193,12.6,3304,2019-12-21 17:57
355516000.0,112.49232,15.042328333333336,12.7,3304,2019-12-21 18:00
355516000.0,112.46749166666666,14.9985,13.1,3304,2019-12-21 18:14
355516000.0,112.45482,14.976653333333331,13.0,3304,2019-12-21 18:21
355516000.0,112.40903,14.90535,12.9,3304,2019-12-21 18:44
355516000.0,112.394705,14.882776666666668,13.0,3304,2019-12-21 18:52
355516000.0,112.37726166666668,14.8551,12.9,3304,2019-12-21 19:01
355516000.0,112.34893333333332,14.811636666666669,12.7,3304,2019-12-21 19:15
355516000.0,112.32023833333334,14.777881666666667,12.6,3304,2019-12-21 19:27
355516000.0,112.28982833333332,14.741268333333334,12.6,3304,2019-12-21 19:41
355516000.0,112.22284166666668,14.641338333333335,12.5,3304,2019-12-21 20:15
355516000.0,112.17720666666666,14.555656666666666,12.9,3304,2019-12-21 20:42
355516000.0,112.12134166666668,14.447363333333335,12.5,3304,2019-12-21 21:16
355516000.0,112.09696833333334,14.394405,12.5,3304,2019-12-21 21:33
355516000.0,112.064575,14.323425,12.9,3304,2019-12-21 21:55
355516000.0,112.02687166666666,14.261613333333331,12.7,3304,2019-12-21 22:15
355516000.0,111.94331499999998,14.132903333333331,12.6,3304,2019-12-21 22:58
355516000.0,111.86263166666669,14.010801666666667,12.6,3304,2019-12-21 23:39
355516000.0,111.85567,13.999655,12.6,3304,2019-12-21 23:43
355516000.0,111.79354166666668,13.900981666666668,12.6,3304,2019-12-22 00:16
355516000.0,111.78182,13.884529999999998,12.6,3304,2019-12-22 00:22
355516000.0,111.73566333333332,13.819315,12.7,3304,2019-12-22 00:44
355516000.0,111.70457,13.774233333333331,12.6,3304,2019-12-22 00:59
355516000.0,111.673975,13.721991666666666,12.7,3304,2019-12-22 01:16
355516000.0,111.616615,13.62174,12.6,3304,2019-12-22 01:49
355516000.0,111.57892,13.552695000000002,12.7,3304,2019-12-22 02:11
355516000.0,111.50871,13.42756,12.5,3304,2019-12-22 02:51
355516000.0,111.45253333333334,13.32993,12.4,3304,2019-12-22 03:23
355516000.0,111.42601,13.285148333333336,12.3,3304,2019-12-22 03:38
355516000.0,111.42016833333334,13.275328333333333,12.1,3304,2019-12-22 03:41
355516000.0,111.39961166666669,13.240203333333335,12.0,3304,2019-12-22 03:53
355516000.0,111.37428,13.195318333333333,11.8,3304,2019-12-22 04:09
355516000.0,111.3514,13.152966666666664,11.8,3304,2019-12-22 04:23
355516000.0,111.314665,13.087846666666668,11.6,3304,2019-12-22 04:46
355516000.0,111.28187333333334,13.037898333333333,11.5,3304,2019-12-22 05:04
355516000.0,111.064885,12.692931666666668,11.5,3304,2019-12-22 07:10
355516000.0,111.03613,12.642221666666664,11.7,3304,2019-12-22 07:28
355516000.0,111.01568833333332,12.606568333333335,11.8,3304,2019-12-22 07:41
355516000.0,110.99552666666666,12.572216666666666,11.8,3304,2019-12-22 07:53
355516000.0,110.96387666666666,12.52047,11.9,3304,2019-12-22 08:11
355516000.0,110.93197,12.468923333333333,12.0,3304,2019-12-22 08:29
355516000.0,110.91033,12.434176666666668,12.0,3304,2019-12-22 08:41
355516000.0,110.888805,12.399798333333331,12.1,3304,2019-12-22 08:53
355516000.0,110.85582166666669,12.347595,12.1,3304,2019-12-22 09:11
355516000.0,110.82338500000002,12.294511666666669,12.3,3304,2019-12-22 09:29
355516000.0,110.80198333333334,12.258938333333331,12.3,3304,2019-12-22 09:41
355516000.0,110.77363166666666,12.21507,12.2,3304,2019-12-22 09:56
355516000.0,110.63931333333332,11.986853333333332,12.0,3304,2019-12-22 11:14
355516000.0,110.57907,11.888208333333331,12.3,3304,2019-12-22 11:48
355516000.0,110.57240166666666,11.877328333333333,12.3,3304,2019-12-22 11:51
355516000.0,110.52998333333332,11.806951666666668,12.5,3304,2019-12-22 12:15
355516000.0,110.50296000000002,11.761808333333333,12.3,3304,2019-12-22 12:30
355516000.0,110.48305,11.727796666666665,12.5,3304,2019-12-22 12:42
355516000.0,110.44757666666666,11.667118333333333,12.5,3304,2019-12-22 13:02
355516000.0,110.423445,11.625403333333333,12.5,3304,2019-12-22 13:15
355516000.0,110.40942833333334,11.600993333333331,12.5,3304,2019-12-22 13:23
355516000.0,110.39716166666666,11.579686666666667,12.5,3304,2019-12-22 13:30
355516000.0,110.35621666666668,11.512283333333333,12.6,3304,2019-12-22 13:53
355516000.0,110.31000166666666,11.435846666666665,12.8,3304,2019-12-22 14:18
355516000.0,110.28627166666666,11.396378333333333,12.9,3304,2019-12-22 14:31
355516000.0,110.242585,11.323016666666666,13.0,3304,2019-12-22 14:54
355516000.0,110.21414666666666,11.275298333333335,13.1,3304,2019-12-22 15:09
355516000.0,110.15704333333332,11.178935,13.3,3304,2019-12-22 15:39
355516000.0,110.13873166666669,11.147958333333332,13.4,3304,2019-12-22 15:49
355516000.0,110.12750833333334,11.128883333333333,13.7,3304,2019-12-22 15:55
355516000.0,109.65429,10.349771666666667,14.1,3304,2019-12-22 19:45
355516000.0,109.607445,10.274275,14.0,3304,2019-12-22 20:08
355516000.0,109.56829,10.2075,13.9,3304,2019-12-22 20:28
355516000.0,109.53313833333333,10.147203333333334,14.0,3304,2019-12-22 20:46
355516000.0,109.48196666666666,10.059818333333334,14.3,3304,2019-12-22 21:11
355516000.0,109.44773666666669,10.00261,14.5,3304,2019-12-22 21:28
355516000.0,108.84705333333332,9.002113333333334,13.8,3304,2019-12-23 02:11
355516000.0,108.68811833333334,8.73494,13.4,3304,2019-12-23 03:31
355516000.0,108.65776833333334,8.685091666666667,13.5,3304,2019-12-23 03:46
355516000.0,108.61370333333332,8.614196666666668,13.1,3304,2019-12-23 04:08
355516000.0,108.58004,8.560939999999999,13.1,3304,2019-12-23 04:25
355516000.0,108.51496000000002,8.46819,13.0,3304,2019-12-23 04:55
355516000.0,108.50143,8.4487,13.2,3304,2019-12-23 05:01
355516000.0,108.48360166666669,8.421691666666666,12.9,3304,2019-12-23 05:10
355516000.0,108.45576,8.37261,12.9,3304,2019-12-23 05:25
355516000.0,108.42988,8.31997,13.0,3304,2019-12-23 05:41
355516000.0,108.40241833333332,8.265225,13.0,3304,2019-12-23 05:57
355516000.0,108.22099666666666,7.956696666666668,12.9,3304,2019-12-23 07:33
355516000.0,108.165685,7.864231666666668,12.9,3304,2019-12-23 08:02
355516000.0,107.99070833333332,7.549503333333332,13.0,3304,2019-12-23 09:56
355516000.0,107.82263,7.29048,12.8,3304,2019-12-23 11:40
355516000.0,107.79193166666668,7.240486666666666,13.2,3304,2019-12-23 11:56
355516000.0,107.75213833333332,7.175298333333332,13.3,3304,2019-12-23 12:16
355516000.0,107.72229333333334,7.126795,13.3,3304,2019-12-23 12:31
355516000.0,107.66316166666668,7.0274600000000005,13.2,3304,2019-12-23 13:01
355516000.0,107.63355833333334,6.9782850000000005,13.4,3304,2019-12-23 13:16
355516000.0,107.60356166666666,6.928875,13.5,3304,2019-12-23 13:31
355516000.0,107.58225333333333,6.893644999999999,13.3,3304,2019-12-23 13:42
355516000.0,107.54636666666669,6.834663333333332,13.4,3304,2019-12-23 14:00
355516000.0,107.5223,6.795356666666668,13.3,3304,2019-12-23 14:12
355516000.0,107.48017833333331,6.7265533333333325,13.3,3304,2019-12-23 14:34
355516000.0,107.450485,6.677896666666666,13.3,3304,2019-12-23 14:49
355516000.0,107.42424166666666,6.635156666666667,13.3,3304,2019-12-23 15:02
355516000.0,107.40215333333332,6.599539999999999,13.3,3304,2019-12-23 15:13
355516000.0,107.38050333333334,6.565003333333332,13.5,3304,2019-12-23 15:23
355516000.0,107.35877,6.530455,13.5,3304,2019-12-23 15:34
355516000.0,107.32812333333334,6.481615000000001,13.5,3304,2019-12-23 15:49
355516000.0,107.300675,6.438096666666668,13.5,3304,2019-12-23 16:03
355516000.0,107.26617166666666,6.383385,13.6,3304,2019-12-23 16:19
355516000.0,107.24630666666668,6.35206,13.8,3304,2019-12-23 16:29
355516000.0,107.234855,6.334075,13.4,3304,2019-12-23 16:35
355516000.0,107.18952666666668,6.261921666666668,13.7,3304,2019-12-23 16:57
355516000.0,107.17739,6.242084999999999,13.6,3304,2019-12-23 17:03
355516000.0,107.14129666666666,6.18244,13.4,3304,2019-12-23 17:21
355516000.0,107.11751833333334,6.142968333333332,13.3,3304,2019-12-23 17:33
355516000.0,107.08073833333331,6.081223333333333,13.4,3304,2019-12-23 17:52
355516000.0,107.05914333333334,6.044053333333332,13.4,3304,2019-12-23 18:03
355516000.0,107.02997666666668,5.99455,13.2,3304,2019-12-23 18:18
355516000.0,106.98000333333331,5.905883333333334,13.0,3304,2019-12-23 18:45
355516000.0,106.94770333333334,5.847381666666666,13.2,3304,2019-12-23 19:03
355516000.0,106.93634333333334,5.826743333333333,13.0,3304,2019-12-23 19:10
355516000.0,106.914245,5.7865183333333325,13.0,3304,2019-12-23 19:22
355516000.0,106.86491166666669,5.701488333333334,13.2,3304,2019-12-23 19:48
355516000.0,106.83545,5.653033333333332,13.3,3304,2019-12-23 20:04
355516000.0,106.80583500000002,5.605178333333333,13.1,3304,2019-12-23 20:19
355516000.0,106.74695166666666,5.5098683333333325,13.0,3304,2019-12-23 20:49
355516000.0,106.71794666666666,5.4625233333333325,13.2,3304,2019-12-23 21:04
355516000.0,106.68838333333332,5.41493,12.9,3304,2019-12-23 21:19
355516000.0,106.63410166666668,5.3196216666666665,12.9,3304,2019-12-23 21:49
355516000.0,106.60742833333332,5.271468333333333,12.9,3304,2019-12-23 22:04
355516000.0,106.54714333333334,5.180033333333333,12.8,3304,2019-12-23 22:35
355516000.0,106.52427666666668,5.13025,12.8,3304,2019-12-23 22:50
355516000.0,106.50163666666668,5.080216666666667,12.9,3304,2019-12-23 23:05
355516000.0,106.44652333333332,4.9853016666666665,12.8,3304,2019-12-23 23:35
355516000.0,106.41711333333332,4.938545,12.9,3304,2019-12-23 23:50
355516000.0,106.38755166666668,4.8913150000000005,13.0,3304,2019-12-24 00:05
355516000.0,106.32839833333334,4.796143333333333,13.1,3304,2019-12-24 00:36
355516000.0,106.317215,4.777945,13.0,3304,2019-12-24 00:41
355516000.0,106.29913333333332,4.748528333333334,13.1,3304,2019-12-24 00:51
355516000.0,106.26918,4.7010716666666665,12.9,3304,2019-12-24 01:06
355516000.0,106.25796499999998,4.684153333333334,13.0,3304,2019-12-24 01:11
355516000.0,106.20976333333331,4.606716666666666,12.9,3304,2019-12-24 01:36
355516000.0,106.18144333333332,4.558623333333333,13.0,3304,2019-12-24 01:51
355516000.0,106.15328,4.510783333333333,12.9,3304,2019-12-24 02:06
355516000.0,106.09623666666668,4.413893333333333,13.0,3304,2019-12-24 02:37
355516000.0,106.06787333333334,4.365875,13.2,3304,2019-12-24 02:52
355516000.0,106.03920833333332,4.317496666666667,13.2,3304,2019-12-24 03:07
355516000.0,105.98117,4.222095,13.0,3304,2019-12-24 03:37
355516000.0,105.974895,4.212246666666666,13.1,3304,2019-12-24 03:40
355516000.0,105.95101,4.174636666666666,13.0,3304,2019-12-24 03:52
355516000.0,105.90896333333332,4.1073916666666666,13.1,3304,2019-12-24 04:13
355516000.0,105.800975,3.9114216666666666,13.2,3304,2019-12-24 05:14
355516000.0,105.771065,3.864621666666667,13.0,3304,2019-12-24 05:29
355516000.0,105.74068833333334,3.81755,12.9,3304,2019-12-24 05:44
355516000.0,105.710825,3.7709216666666654,13.0,3304,2019-12-24 05:59
355516000.0,105.689015,3.735398333333333,12.9,3304,2019-12-24 06:10
355516000.0,105.647195,3.6649,12.8,3304,2019-12-24 06:32
355516000.0,105.62872,3.63325,12.8,3304,2019-12-24 06:43
355516000.0,105.598805,3.5820199999999995,12.8,3304,2019-12-24 06:59
355516000.0,105.56577833333333,3.534666666666667,12.7,3304,2019-12-24 07:15
355516000.0,105.52505333333332,3.4769783333333333,12.6,3304,2019-12-24 07:34
355516000.0,105.49362666666669,3.4325366666666666,12.7,3304,2019-12-24 07:49
355516000.0,105.46770666666669,3.3846966666666667,12.7,3304,2019-12-24 08:04
355516000.0,105.41998166666669,3.2867900000000003,12.6,3304,2019-12-24 08:34
355516000.0,105.39356,3.2396683333333334,12.5,3304,2019-12-24 08:49
355516000.0,105.219205,2.9299216666666665,11.6,3304,2019-12-24 10:46
355516000.0,105.16056,2.84137,12.5,3304,2019-12-24 11:16
355516000.0,105.13294166666668,2.7953566666666667,12.7,3304,2019-12-24 11:31
355516000.0,105.10621333333332,2.74919,12.4,3304,2019-12-24 11:46
355516000.0,105.079025,2.695553333333333,12.8,3304,2019-12-24 12:03
355516000.0,105.058315,2.651665,12.8,3304,2019-12-24 12:16
355516000.0,105.03483500000002,2.6010633333333333,12.9,3304,2019-12-24 12:32
355516000.0,105.008875,2.544361666666666,12.9,3304,2019-12-24 12:49
355516000.0,104.98276666666666,2.4917083333333334,12.9,3304,2019-12-24 13:05
355516000.0,104.95789833333332,2.442825,12.8,3304,2019-12-24 13:20
355516000.0,104.94113666666668,2.407903333333333,12.8,3304,2019-12-24 13:31
355516000.0,104.914665,2.3467433333333334,12.7,3304,2019-12-24 13:49
355516000.0,104.88465833333332,2.288488333333333,12.8,3304,2019-12-24 14:07
355516000.0,104.85886166666668,2.23996,13.0,3304,2019-12-24 14:23
355516000.0,104.8485,2.209938333333333,13.1,3304,2019-12-24 14:31
355516000.0,104.83698166666667,2.1768616666666665,13.1,3304,2019-12-24 14:41
355516000.0,104.825955,2.1449366666666667,13.2,3304,2019-12-24 14:50
355516000.0,104.811825,2.1069066666666667,12.9,3304,2019-12-24 15:00
355516000.0,104.79011166666666,2.055973333333333,12.9,3304,2019-12-24 15:15
355516000.0,104.77737833333332,2.0304583333333333,12.9,3304,2019-12-24 15:23
355516000.0,104.76446666666666,2.0011316666666668,12.7,3304,2019-12-24 15:32
355516000.0,104.75101,1.9702983333333333,12.8,3304,2019-12-24 15:42
355516000.0,104.73234,1.9277316666666664,12.9,3304,2019-12-24 15:54
355516000.0,104.72263166666669,1.9054766666666667,12.5,3304,2019-12-24 16:01
355516000.0,104.71172666666666,1.8813616666666664,8.9,3304,2019-12-24 16:10
355516000.0,104.70169166666666,1.8602383333333328,7.2,3304,2019-12-24 16:20
355516000.0,104.69151333333332,1.8401283333333327,7.8,3304,2019-12-24 16:31
355516000.0,104.68259166666668,1.824365,7.2,3304,2019-12-24 16:40
355516000.0,104.66809666666668,1.7990933333333334,6.7,3304,2019-12-24 16:55
355516000.0,104.66216,1.7894133333333333,6.7,3304,2019-12-24 17:00
355516000.0,104.65296333333332,1.7745883333333334,6.6,3304,2019-12-24 17:10
355516000.0,104.638665,1.7520616666666666,6.7,3304,2019-12-24 17:24
355516000.0,104.62656833333334,1.7299766666666667,6.1,3304,2019-12-24 17:38
355516000.0,104.62600333333332,1.726125,6.2,3304,2019-12-24 17:40
355516000.0,104.623335,1.7070900000000002,5.0,3304,2019-12-24 17:51
355516000.0,104.621225,1.692111666666667,5.6,3304,2019-12-24 18:02
355516000.0,104.61942166666668,1.6775416666666667,4.4,3304,2019-12-24 18:12
355516000.0,104.61743,1.6618233333333334,4.8,3304,2019-12-24 18:24
355516000.0,104.615535,1.6463150000000002,3.8,3304,2019-12-24 18:37
355516000.0,104.61441833333332,1.6371433333333334,4.6,3304,2019-12-24 18:45
355516000.0,104.61264166666666,1.627245,5.8,3304,2019-12-24 18:52
355516000.0,104.60947166666666,1.6096316666666666,6.3,3304,2019-12-24 19:02
355516000.0,104.60167333333334,1.582445,5.9,3304,2019-12-24 19:17
355516000.0,104.595445,1.5696333333333334,6.6,3304,2019-12-24 19:26
355516000.0,104.59176333333332,1.5623133333333334,6.8,3304,2019-12-24 19:30
355516000.0,104.58267666666669,1.5461933333333333,5.5,3304,2019-12-24 19:40
355516000.0,104.57328666666666,1.53208,6.5,3304,2019-12-24 19:50
355516000.0,104.56039166666666,1.5170333333333332,6.9,3304,2019-12-24 20:00
355516000.0,104.53253166666669,1.490335,7.0,3304,2019-12-24 20:19
355516000.0,104.524045,1.4824516666666667,6.6,3304,2019-12-24 20:25
355516000.0,104.516095,1.4751166666666666,6.8,3304,2019-12-24 20:31
355516000.0,104.49907,1.4601916666666668,7.0,3304,2019-12-24 20:42
355516000.0,104.48823833333331,1.45054,6.9,3304,2019-12-24 20:50
355516000.0,104.468875,1.434011666666667,7.0,3304,2019-12-24 21:03
355516000.0,104.45740333333332,1.4244133333333333,7.1,3304,2019-12-24 21:10
355516000.0,104.44151833333332,1.41086,6.6,3304,2019-12-24 21:21
355516000.0,104.42125166666666,1.3934583333333332,6.6,3304,2019-12-24 21:36
355516000.0,104.41328,1.3869366666666667,7.1,3304,2019-12-24 21:41
355516000.0,104.39429,1.371438333333333,5.3,3304,2019-12-24 21:54
355516000.0,104.38439,1.3631233333333332,6.6,3304,2019-12-24 22:02
355516000.0,104.37136,1.35021,6.5,3304,2019-12-24 22:11
355516000.0,104.35645166666669,1.338805,9.4,3304,2019-12-24 22:20
355516000.0,104.33802166666666,1.3224116666666668,7.7,3304,2019-12-24 22:30
355516000.0,104.31851833333332,1.3104133333333334,7.7,3304,2019-12-24 22:40
355516000.0,104.29814333333331,1.303055,7.9,3304,2019-12-24 22:50
355516000.0,104.27469166666668,1.2983833333333332,9.1,3304,2019-12-24 23:00
355516000.0,104.24972666666666,1.2951716666666666,7.2,3304,2019-12-24 23:10
355516000.0,104.23089833333331,1.292675,7.3,3304,2019-12-24 23:20
355516000.0,104.20874,1.2900433333333334,8.4,3304,2019-12-24 23:30
355516000.0,104.18523333333331,1.2873583333333334,9.4,3304,2019-12-24 23:40
355516000.0,104.16227166666668,1.287235,7.0,3304,2019-12-24 23:50
355516000.0,104.14499,1.2872916666666667,5.1,3304,2019-12-25 00:00
373121000.0,120.05112833333334,24.96288166666667,12.6,4560,2019-12-23 21:50
373121000.0,120.01258666666666,24.93549,12.2,4560,2019-12-23 22:03
373121000.0,119.97613166666666,24.915191666666665,12.2,4560,2019-12-23 22:15
373121000.0,119.92777666666667,24.88917,12.2,4560,2019-12-23 22:30
373121000.0,119.88598333333331,24.856206666666665,12.1,4560,2019-12-23 22:45
373121000.0,119.839735,24.81203333333333,12.3,4560,2019-12-23 23:03
373121000.0,119.80888166666666,24.78109666666667,12.4,4560,2019-12-23 23:15
373121000.0,119.76660833333334,24.745515,12.4,4560,2019-12-23 23:30
373121000.0,119.72225166666666,24.71072166666667,12.3,4560,2019-12-23 23:46
373121000.0,119.67609,24.680736666666668,12.3,4560,2019-12-24 00:01
373121000.0,119.50095666666668,24.559926666666662,11.9,4560,2019-12-24 01:01
373121000.0,119.41046666666666,24.492111666666663,11.9,4560,2019-12-24 01:33
373121000.0,119.328525,24.43097833333333,11.8,4560,2019-12-24 02:02
373121000.0,119.20299166666666,24.33566166666667,11.7,4560,2019-12-24 02:48
373121000.0,119.09687666666666,24.25487833333333,11.6,4560,2019-12-24 03:27
373121000.0,119.02066,24.20021333333333,11.6,4560,2019-12-24 03:53
373121000.0,118.84165666666668,24.06550333333333,11.1,4560,2019-12-24 05:02
373121000.0,118.75456833333334,23.98467833333333,11.0,4560,2019-12-24 05:39
373121000.0,118.38373666666666,23.71168333333333,11.1,4560,2019-12-24 07:58
373121000.0,117.56427333333332,23.04925333333333,13.2,4560,2019-12-24 12:57
373121000.0,117.52735333333334,23.01228166666667,13.4,4560,2019-12-24 13:10
373121000.0,117.48247333333332,22.964265,13.3,4560,2019-12-24 13:28
373121000.0,117.451535,22.90836833333333,13.2,4560,2019-12-24 13:45
373121000.0,117.42065333333332,22.84878166666667,13.5,4560,2019-12-24 14:03
373121000.0,117.37136166666669,22.7516,13.1,4560,2019-12-24 14:32
373121000.0,117.34124833333334,22.68600833333333,12.5,4560,2019-12-24 14:52
373121000.0,117.32289333333334,22.64962,12.6,4560,2019-12-24 15:03
373121000.0,117.28794666666668,22.580991666666662,12.9,4560,2019-12-24 15:24
373121000.0,117.26122166666669,22.532871666666665,13.0,4560,2019-12-24 15:40
373121000.0,117.23137166666666,22.48763666666667,12.6,4560,2019-12-24 15:54
373121000.0,117.21622,22.458085,12.6,4560,2019-12-24 16:04
373121000.0,117.18509,22.369861666666665,12.1,4560,2019-12-24 16:33
373121000.0,117.15407333333332,22.32634,12.2,4560,2019-12-24 16:48
373121000.0,117.0998,22.226631666666663,12.1,4560,2019-12-24 17:21
373121000.0,117.072405,22.17389666666667,12.2,4560,2019-12-24 17:38
373121000.0,117.02017166666668,22.07433333333333,12.1,4560,2019-12-24 18:12
373121000.0,116.99625,22.02920666666667,11.6,4560,2019-12-24 18:27
373121000.0,116.96897,21.97780166666667,11.8,4560,2019-12-24 18:44
373121000.0,116.90475333333332,21.84910333333333,12.6,4560,2019-12-24 19:26
373121000.0,116.65718,21.33107833333333,12.0,4560,2019-12-24 22:16
373121000.0,116.56635,21.156281666666672,12.2,4560,2019-12-24 23:13
373121000.0,116.03938333333332,20.088133333333328,12.6,4560,2019-12-25 04:49
373121000.0,115.997555,20.009545000000003,12.8,4560,2019-12-25 05:14
373121000.0,115.96749166666666,19.962806666666665,13.0,4560,2019-12-25 05:30
373121000.0,115.93652833333331,19.915995,13.0,4560,2019-12-25 05:45
373121000.0,115.87771333333332,19.82252833333333,12.7,4560,2019-12-25 06:15
373121000.0,115.85007166666666,19.77703,12.5,4560,2019-12-25 06:30
373121000.0,115.82231833333331,19.731611666666662,12.6,4560,2019-12-25 06:45
373121000.0,115.75878333333333,19.643978333333333,12.9,4560,2019-12-25 07:15
373121000.0,115.70911666666667,19.577145,13.2,4560,2019-12-25 07:37
373121000.0,115.69164833333332,19.553456666666666,13.2,4560,2019-12-25 07:45
373121000.0,115.625435,19.46217333333333,13.0,4560,2019-12-25 08:15
373121000.0,115.595595,19.416415,13.2,4560,2019-12-25 08:31
373121000.0,115.56505166666666,19.366836666666668,13.3,4560,2019-12-25 08:46
373121000.0,115.52696666666668,19.311196666666667,13.0,4560,2019-12-25 09:04
373121000.0,115.48277,19.252456666666667,12.8,4560,2019-12-25 09:24
373121000.0,115.45557666666669,19.219435,13.0,4560,2019-12-25 09:36
373121000.0,115.39985666666666,19.154795,12.5,4560,2019-12-25 09:59
373121000.0,115.36586833333334,19.086655,12.9,4560,2019-12-25 10:21
373121000.0,115.322355,19.02427,12.4,4560,2019-12-25 10:42
373121000.0,115.29286333333332,18.980475,12.5,4560,2019-12-25 10:57
373121000.0,115.27439,18.958920000000003,12.3,4560,2019-12-25 11:05
373121000.0,115.26299833333331,18.93761333333333,12.3,4560,2019-12-25 11:12
373121000.0,115.2455,18.905155,12.3,4560,2019-12-25 11:23
373121000.0,115.19338166666668,18.826765,12.3,4560,2019-12-25 11:50
373121000.0,115.15086666666669,18.774306666666668,12.3,4560,2019-12-25 12:09
373121000.0,115.12240333333334,18.739131666666665,12.3,4560,2019-12-25 12:22
373121000.0,115.10740666666666,18.71599,12.2,4560,2019-12-25 12:30
373121000.0,115.07367166666668,18.66183,12.2,4560,2019-12-25 12:49
373121000.0,115.06265,18.644383333333334,12.1,4560,2019-12-25 12:55
373121000.0,115.04033166666666,18.612826666666667,12.1,4560,2019-12-25 13:06
373121000.0,115.01121166666668,18.57170333333333,12.3,4560,2019-12-25 13:20
373121000.0,114.98155666666666,18.528316666666665,12.3,4560,2019-12-25 13:35
373121000.0,114.94851,18.480145,12.0,4560,2019-12-25 13:52
373121000.0,114.90984,18.42447,12.1,4560,2019-12-25 14:13
373121000.0,114.88791166666668,18.393596666666667,12.2,4560,2019-12-25 14:23
373121000.0,114.85511833333334,18.34811833333333,12.0,4560,2019-12-25 14:40
373121000.0,114.81859666666666,18.297326666666667,12.2,4560,2019-12-25 14:58
373121000.0,114.78517833333332,18.25213833333333,12.4,4560,2019-12-25 15:14
373121000.0,114.76041833333332,18.21883833333333,12.4,4560,2019-12-25 15:26
373121000.0,114.73507833333332,18.185458333333333,12.6,4560,2019-12-25 15:38
373121000.0,114.72750166666668,18.174195,12.6,4560,2019-12-25 15:42
373121000.0,114.71124833333332,18.148983333333334,12.6,4560,2019-12-25 15:50
373121000.0,114.67470333333333,18.09275,12.9,4560,2019-12-25 16:09
373121000.0,114.66966333333332,18.085161666666668,12.9,4560,2019-12-25 16:12
373121000.0,114.64455,18.046985,13.0,4560,2019-12-25 16:24
373121000.0,114.60169166666668,17.982731666666666,12.7,4560,2019-12-25 16:45
373121000.0,114.56150833333334,17.925346666666666,12.6,4560,2019-12-25 17:05
373121000.0,114.55192166666669,17.911781666666666,12.5,4560,2019-12-25 17:10
373121000.0,114.51456333333331,17.859165,12.7,4560,2019-12-25 17:28
373121000.0,114.485205,17.814166666666665,12.8,4560,2019-12-25 17:43
373121000.0,114.454395,17.769823333333335,12.7,4560,2019-12-25 17:58
373121000.0,114.42366833333334,17.720371666666665,12.9,4560,2019-12-25 18:14
373121000.0,114.39672166666666,17.677318333333332,12.8,4560,2019-12-25 18:28
373121000.0,114.38947833333332,17.667101666666667,12.7,4560,2019-12-25 18:32
373121000.0,114.3643,17.634545000000003,12.4,4560,2019-12-25 18:43
373121000.0,114.34087333333332,17.603358333333333,12.3,4560,2019-12-25 18:54
373121000.0,114.31541166666666,17.569791666666667,12.2,4560,2019-12-25 19:07
373121000.0,114.2756,17.508981666666667,12.2,4560,2019-12-25 19:28
373121000.0,114.24683666666668,17.464893333333332,12.3,4560,2019-12-25 19:43
373121000.0,114.21615166666666,17.420360000000002,12.3,4560,2019-12-25 19:59
373121000.0,114.20068333333332,17.397975,12.4,4560,2019-12-25 20:07
373121000.0,114.18647333333334,17.377183333333335,12.5,4560,2019-12-25 20:14
373121000.0,114.157695,17.333966666666665,12.6,4560,2019-12-25 20:29
373121000.0,114.14268666666666,17.311198333333333,12.7,4560,2019-12-25 20:36
373121000.0,114.12675333333334,17.287328333333335,12.7,4560,2019-12-25 20:44
373121000.0,114.10605166666669,17.256351666666667,12.9,4560,2019-12-25 20:55
373121000.0,114.06859833333333,17.200145000000003,12.8,4560,2019-12-25 21:13
373121000.0,114.03665666666669,17.152138333333333,12.6,4560,2019-12-25 21:29
373121000.0,114.03170333333334,17.144761666666668,12.6,4560,2019-12-25 21:32
373121000.0,114.00921333333334,17.111060000000002,12.7,4560,2019-12-25 21:43
373121000.0,113.99158833333334,17.0849,12.6,4560,2019-12-25 21:52
373121000.0,113.91422166666666,16.974918333333335,12.4,4560,2019-12-25 22:30
373121000.0,113.88355666666666,16.93157,12.3,4560,2019-12-25 22:45
373121000.0,113.872545,16.916114999999998,12.2,4560,2019-12-25 22:50
373121000.0,113.85333500000002,16.889218333333332,12.1,4560,2019-12-25 23:00
373121000.0,113.81332333333332,16.83144,12.1,4560,2019-12-25 23:21
373121000.0,113.79536833333331,16.804648333333333,12.1,4560,2019-12-25 23:30
373121000.0,113.76718,16.762295,11.9,4560,2019-12-25 23:45
373121000.0,113.75297833333332,16.741038333333332,11.9,4560,2019-12-25 23:53
373121000.0,113.73891333333331,16.72009,12.1,4560,2019-12-26 00:00
373121000.0,113.69271666666668,16.651986666666666,12.4,4560,2019-12-26 00:24
373121000.0,113.68032,16.633823333333332,12.3,4560,2019-12-26 00:30
373121000.0,113.65139166666668,16.590985,12.2,4560,2019-12-26 00:45
373121000.0,113.63743666666667,16.571308333333334,12.2,4560,2019-12-26 00:52
373121000.0,113.62171833333332,16.548811666666666,12.1,4560,2019-12-26 01:00
373121000.0,113.56383833333334,16.464595000000003,11.9,4560,2019-12-26 01:31
373121000.0,113.53613166666666,16.42296,11.8,4560,2019-12-26 01:46
373121000.0,113.509785,16.380736666666667,11.9,4560,2019-12-26 02:01
373121000.0,113.45626833333333,16.295154999999998,12.0,4560,2019-12-26 02:31
373121000.0,113.42829,16.252763333333334,11.9,4560,2019-12-26 02:46
373121000.0,113.372655,16.16724333333333,12.2,4560,2019-12-26 03:16
373121000.0,113.32833833333332,16.105263333333333,12.4,4560,2019-12-26 03:38
373121000.0,113.31075333333334,16.081338333333335,12.4,4560,2019-12-26 03:46
373121000.0,113.278595,16.03593,12.4,4560,2019-12-26 04:03
373121000.0,113.24912,15.995328333333331,12.3,4560,2019-12-26 04:17
373121000.0,113.22263,15.939595,12.3,4560,2019-12-26 04:35
373121000.0,113.19303666666669,15.876571666666669,12.6,4560,2019-12-26 04:55
373121000.0,113.15852666666666,15.805586666666668,12.6,4560,2019-12-26 05:17
373121000.0,113.14003,15.766231666666664,12.6,4560,2019-12-26 05:30
373121000.0,113.11282,15.709376666666667,12.6,4560,2019-12-26 05:47
373121000.0,113.066635,15.615663333333336,12.2,4560,2019-12-26 06:17
373121000.0,113.04278166666668,15.569216666666666,12.1,4560,2019-12-26 06:33
373121000.0,113.02549666666668,15.530291666666669,12.2,4560,2019-12-26 06:45
373121000.0,112.98059166666668,15.427755,12.4,4560,2019-12-26 07:18
373121000.0,112.96447,15.3925,12.1,4560,2019-12-26 07:29
373121000.0,112.95905666666668,15.380668333333332,12.1,4560,2019-12-26 07:33
373121000.0,112.93854166666668,15.335053333333333,12.0,4560,2019-12-26 07:48
373121000.0,112.894035,15.241688333333334,12.0,4560,2019-12-26 08:18
373121000.0,112.870665,15.196521666666667,12.1,4560,2019-12-26 08:33
373121000.0,112.84796,15.150416666666668,12.0,4560,2019-12-26 08:49
373121000.0,112.83848833333332,15.130693333333332,12.0,4560,2019-12-26 08:55
373121000.0,112.80304333333332,15.059035,12.1,4560,2019-12-26 09:19
373121000.0,112.79326333333331,15.038206666666667,12.1,4560,2019-12-26 09:26
373121000.0,112.78127333333332,15.012845,12.0,4560,2019-12-26 09:34
373121000.0,112.770055,14.989171666666667,11.9,4560,2019-12-26 09:42
373121000.0,112.73045,14.895645000000002,12.2,4560,2019-12-26 10:12
373121000.0,112.7143,14.85943,12.1,4560,2019-12-26 10:24
373121000.0,112.69953999999998,14.827356666666669,12.1,4560,2019-12-26 10:34
373121000.0,112.6566,14.734253333333331,12.0,4560,2019-12-26 11:04
373121000.0,112.63594833333332,14.688653333333331,12.0,4560,2019-12-26 11:19
373121000.0,112.60048166666668,14.609238333333336,11.9,4560,2019-12-26 11:46
373121000.0,112.57954666666669,14.563348333333336,12.1,4560,2019-12-26 12:01
373121000.0,112.56464833333334,14.529775,11.9,4560,2019-12-26 12:12
373121000.0,112.539525,14.472641666666664,11.8,4560,2019-12-26 12:31
373121000.0,112.49853166666666,14.380361666666667,11.7,4560,2019-12-26 13:01
373121000.0,112.47893833333332,14.335263333333335,11.7,4560,2019-12-26 13:16
373121000.0,112.468225,14.310543333333332,11.9,4560,2019-12-26 13:24
373121000.0,112.45950833333332,14.290628333333334,12.0,4560,2019-12-26 13:31
373121000.0,112.43648166666668,14.244016666666669,12.1,4560,2019-12-26 13:46
373121000.0,112.41314833333334,14.197918333333336,12.1,4560,2019-12-26 14:01
373121000.0,112.34653,14.058506666666664,12.2,4560,2019-12-26 14:46
373121000.0,112.33621333333332,14.037005,12.2,4560,2019-12-26 14:54
373121000.0,112.32449166666666,14.012318333333331,12.2,4560,2019-12-26 15:02
373121000.0,112.30285666666668,13.965651666666664,12.1,4560,2019-12-26 15:17
373121000.0,112.29017333333331,13.938683333333335,12.0,4560,2019-12-26 15:26
373121000.0,112.28242166666666,13.920081666666665,12.0,4560,2019-12-26 15:32
373121000.0,112.25084666666666,13.8461,11.6,4560,2019-12-26 16:00
373121000.0,112.18340833333332,13.711885,11.6,4560,2019-12-26 16:43
373121000.0,112.13661666666668,13.611529999999998,11.4,4560,2019-12-26 17:21
373121000.0,112.09512333333332,13.52212,11.0,4560,2019-12-26 17:52
373121000.0,112.07485333333334,13.47875,10.8,4560,2019-12-26 18:08
373121000.0,112.04949166666668,13.425335,10.9,4560,2019-12-26 18:27
373121000.0,112.023945,13.372208333333331,11.1,4560,2019-12-26 18:47
373121000.0,111.99286666666669,13.305358333333333,11.1,4560,2019-12-26 19:10
373121000.0,111.96629666666666,13.246936666666668,11.1,4560,2019-12-26 19:31
373121000.0,111.91953,13.142325,10.9,4560,2019-12-26 20:05
373121000.0,111.91202666666666,13.127786666666667,11.0,4560,2019-12-26 20:10
373121000.0,111.88450833333332,13.074353333333333,10.8,4560,2019-12-26 20:33
373121000.0,111.84773166666666,12.999766666666664,10.9,4560,2019-12-26 21:01
373121000.0,111.76244666666666,12.801146666666664,10.9,4560,2019-12-26 22:12
373121000.0,111.69901333333334,12.66351,10.9,4560,2019-12-26 22:58
373121000.0,111.64293333333332,12.553106666666665,11.0,4560,2019-12-26 23:38
373121000.0,111.56256666666668,12.384036666666669,10.8,4560,2019-12-27 00:40
373121000.0,111.51169333333333,12.2725,10.9,4560,2019-12-27 01:20
373121000.0,111.48689333333331,12.222368333333335,11.0,4560,2019-12-27 01:38
373121000.0,111.464645,12.177141666666667,11.0,4560,2019-12-27 01:54
373121000.0,111.44289833333332,12.129211666666668,11.2,4560,2019-12-27 02:11
373121000.0,111.411675,12.05371,11.2,4560,2019-12-27 02:37
373121000.0,111.38949,12.00619,11.3,4560,2019-12-27 02:54
373121000.0,111.355885,11.934626666666665,11.5,4560,2019-12-27 03:19
373121000.0,111.34626000000002,11.914225,11.6,4560,2019-12-27 03:26
373121000.0,111.33264333333334,11.885078333333333,11.9,4560,2019-12-27 03:36
373121000.0,111.32134,11.860911666666668,11.7,4560,2019-12-27 03:44
373121000.0,111.29585166666666,11.805751666666668,11.8,4560,2019-12-27 04:02
373121000.0,111.14889833333334,11.485773333333333,12.2,4560,2019-12-27 05:47
373121000.0,111.12608166666666,11.436323333333334,12.2,4560,2019-12-27 06:03
373121000.0,111.105185,11.387906666666666,12.2,4560,2019-12-27 06:19
373121000.0,111.07440666666666,11.318618333333331,11.9,4560,2019-12-27 06:41
373121000.0,111.04765833333332,11.261803333333331,11.7,4560,2019-12-27 07:00
373121000.0,110.98825833333332,11.132138333333335,11.9,4560,2019-12-27 07:43
373121000.0,110.96463500000002,11.078948333333331,11.9,4560,2019-12-27 08:01
373121000.0,110.949695,11.04643,11.8,4560,2019-12-27 08:12
373121000.0,110.92257666666669,10.987083333333333,11.8,4560,2019-12-27 08:32
373121000.0,110.899185,10.937961666666665,11.6,4560,2019-12-27 08:48
373121000.0,110.87833833333332,10.893573333333334,11.7,4560,2019-12-27 09:04
373121000.0,110.85691166666666,10.848175,11.1,4560,2019-12-27 09:19
373121000.0,110.81398,10.758336666666668,11.7,4560,2019-12-27 09:50
373121000.0,110.79259166666668,10.713405,11.7,4560,2019-12-27 10:05
373121000.0,110.77117166666666,10.668028333333334,11.8,4560,2019-12-27 10:20
373121000.0,110.67805666666666,10.461818333333332,12.0,4560,2019-12-27 11:28
373121000.0,110.67294166666667,10.45068,11.9,4560,2019-12-27 11:31
373121000.0,110.64548166666668,10.39134,12.0,4560,2019-12-27 11:54
373121000.0,110.61146166666668,10.318771666666668,11.9,4560,2019-12-27 12:15
373121000.0,110.58137666666669,10.253793333333334,11.8,4560,2019-12-27 12:40
373121000.0,110.56057833333334,10.208441666666667,11.9,4560,2019-12-27 12:55
373121000.0,110.53965333333332,10.162406666666667,11.9,4560,2019-12-27 13:10
373121000.0,110.49843333333334,10.07197,11.8,4560,2019-12-27 13:40
373121000.0,110.47759,10.026986666666666,11.9,4560,2019-12-27 13:55
373121000.0,110.45600166666668,9.981156666666667,12.1,4560,2019-12-27 14:10
373121000.0,110.41212666666668,9.88785,12.2,4560,2019-12-27 14:40
373121000.0,110.391305,9.840425,12.5,4560,2019-12-27 14:55
373121000.0,110.35654166666669,9.761038333333332,12.2,4560,2019-12-27 15:17
373121000.0,110.33494166666668,9.714398333333332,12.2,4560,2019-12-27 15:32
373121000.0,110.276055,9.583793333333332,12.1,4560,2019-12-27 16:15
373121000.0,110.26769,9.56532,12.1,4560,2019-12-27 16:21
373121000.0,110.24509166666668,9.514876666666666,11.9,4560,2019-12-27 16:41
373121000.0,110.22443833333334,9.46895,11.9,4560,2019-12-27 16:56
373121000.0,110.16437833333332,9.333065,11.6,4560,2019-12-27 17:41
373121000.0,110.13076166666669,9.260356666666668,11.7,4560,2019-12-27 18:03
373121000.0,110.11032833333331,9.215848333333334,11.6,4560,2019-12-27 18:18
373121000.0,110.08256666666666,9.155818333333333,11.7,4560,2019-12-27 18:42
373121000.0,110.048115,9.0812,11.5,4560,2019-12-27 19:03
373121000.0,110.02733666666668,9.035381666666666,11.6,4560,2019-12-27 19:19
373121000.0,109.98177166666666,8.935521666666666,11.7,4560,2019-12-27 19:53
373121000.0,109.96119833333331,8.890851666666666,11.7,4560,2019-12-27 20:08
373121000.0,109.94322666666666,8.851495,11.9,4560,2019-12-27 20:21
373121000.0,109.89898,8.754603333333334,11.9,4560,2019-12-27 20:53
373121000.0,109.87755833333334,8.70952,11.8,4560,2019-12-27 21:08
373121000.0,109.85553,8.66328,12.2,4560,2019-12-27 21:23
373121000.0,109.81103833333331,8.571193333333332,12.2,4560,2019-12-27 21:53
373121000.0,109.76714833333334,8.478475,12.2,4560,2019-12-27 22:24
373121000.0,109.72538833333331,8.385921666666666,11.8,4560,2019-12-27 22:54
373121000.0,109.64234,8.201148333333334,11.8,4560,2019-12-27 23:54
373121000.0,109.59720333333334,8.113238333333333,11.4,4560,2019-12-28 00:25
373121000.0,109.55707333333334,8.026688333333333,11.2,4560,2019-12-28 00:55
373121000.0,109.51838,7.940035000000001,11.6,4560,2019-12-28 01:25
373121000.0,109.49131333333334,7.884218333333332,11.2,4560,2019-12-28 01:44
373121000.0,109.47813666666669,7.853755,11.4,4560,2019-12-28 01:55
373121000.0,109.43892333333334,7.766830000000001,11.1,4560,2019-12-28 02:25
373121000.0,109.41840333333332,7.724698333333333,11.1,4560,2019-12-28 02:40
373121000.0,109.39869666666668,7.68239,11.0,4560,2019-12-28 02:55
373121000.0,109.36172666666668,7.598083333333332,11.1,4560,2019-12-28 03:26
373121000.0,109.34420166666666,7.554203333333334,11.0,4560,2019-12-28 03:41
373121000.0,109.32393833333332,7.511989999999999,11.4,4560,2019-12-28 03:56
373121000.0,109.25575166666668,7.440103333333332,11.9,4560,2019-12-28 04:26
373121000.0,109.22102833333334,7.403456666666667,12.0,4560,2019-12-28 04:41
373121000.0,109.18637833333334,7.367561666666668,12.0,4560,2019-12-28 04:56
373121000.0,109.11521166666668,7.295961666666668,12.2,4560,2019-12-28 05:26
373121000.0,109.07954666666669,7.2589016666666675,12.1,4560,2019-12-28 05:41
373121000.0,109.0423,7.224126666666668,12.3,4560,2019-12-28 05:56
373121000.0,108.96652166666668,7.154768333333332,11.8,4560,2019-12-28 06:27
373121000.0,108.95618,7.145521666666666,11.9,4560,2019-12-28 06:31
373121000.0,108.92891166666666,7.121206666666668,11.9,4560,2019-12-28 06:42
373121000.0,108.90166333333332,7.0971183333333325,12.1,4560,2019-12-28 06:53
373121000.0,108.86335666666666,7.062541666666666,12.1,4560,2019-12-28 07:08
373121000.0,108.84746166666666,7.048003333333333,12.1,4560,2019-12-28 07:14
373121000.0,108.81466666666668,7.01832,12.1,4560,2019-12-28 07:27
373121000.0,108.77078833333331,6.97892,12.3,4560,2019-12-28 07:44
373121000.0,108.74728166666668,6.9569833333333335,12.5,4560,2019-12-28 07:54
373121000.0,108.73252166666668,6.942886666666666,12.4,4560,2019-12-28 08:00
373121000.0,108.69535666666668,6.906951666666667,12.3,4560,2019-12-28 08:15
373121000.0,108.66296833333334,6.8755033333333335,12.4,4560,2019-12-28 08:28
373121000.0,108.62345333333332,6.838503333333334,12.4,4560,2019-12-28 08:43
373121000.0,108.58660333333331,6.805048333333334,12.3,4560,2019-12-28 08:58
373121000.0,108.581445,6.800371666666668,12.3,4560,2019-12-28 09:00
373121000.0,108.547485,6.770248333333333,12.5,4560,2019-12-28 09:13
373121000.0,108.50955166666668,6.734921666666668,12.3,4560,2019-12-28 09:28
373121000.0,108.47147666666666,6.6981866666666665,12.3,4560,2019-12-28 09:43
373121000.0,108.435325,6.6629,12.1,4560,2019-12-28 09:58
373121000.0,108.39926833333334,6.626283333333332,12.1,4560,2019-12-28 10:14
373121000.0,108.36294,6.58935,12.2,4560,2019-12-28 10:29
373121000.0,108.35245666666668,6.579026666666668,12.0,4560,2019-12-28 10:33
373121000.0,108.32562666666666,6.553635000000001,12.3,4560,2019-12-28 10:44
373121000.0,108.25157666666668,6.481975,12.1,4560,2019-12-28 11:14
373121000.0,108.21221833333334,6.444145,12.1,4560,2019-12-28 11:30
373121000.0,108.17212666666668,6.405953333333334,12.3,4560,2019-12-28 11:46
373121000.0,108.14028666666668,6.375545,12.2,4560,2019-12-28 11:59
373121000.0,108.12547833333332,6.360531666666668,12.3,4560,2019-12-28 12:05
373121000.0,108.10486833333331,6.33783,12.1,4560,2019-12-28 12:14
373121000.0,108.09163999999998,6.3192933333333325,12.3,4560,2019-12-28 12:21
373121000.0,108.05095166666666,6.27184,12.2,4560,2019-12-28 12:40
373121000.0,107.99948666666668,6.22605,12.1,4560,2019-12-28 13:00
373121000.0,107.961255,6.192405,12.0,4560,2019-12-28 13:15
373121000.0,107.928755,6.1625733333333335,12.0,4560,2019-12-28 13:28
373121000.0,107.92378333333332,6.158031666666668,12.0,4560,2019-12-28 13:30
373121000.0,107.84987,6.089603333333334,12.0,4560,2019-12-28 14:00
373121000.0,107.812705,6.0553783333333335,12.0,4560,2019-12-28 14:15
373121000.0,107.791905,6.036268333333332,11.9,4560,2019-12-28 14:23
373121000.0,107.77578166666666,6.021625,12.0,4560,2019-12-28 14:30
373121000.0,107.70064833333332,5.953155000000001,12.2,4560,2019-12-28 15:00
373121000.0,107.66281333333332,5.919138333333334,12.2,4560,2019-12-28 15:15
373121000.0,107.64057166666667,5.899091666666667,12.2,4560,2019-12-28 15:24
373121000.0,107.62461666666668,5.884656666666666,12.1,4560,2019-12-28 15:31
373121000.0,107.586685,5.846065,12.3,4560,2019-12-28 15:46
373121000.0,107.55283166666666,5.811415,12.2,4560,2019-12-28 16:01
373121000.0,107.51698333333331,5.775325,12.2,4560,2019-12-28 16:16
373121000.0,107.49569833333334,5.753793333333332,12.0,4560,2019-12-28 16:24
373121000.0,107.48141166666667,5.739371666666668,12.1,4560,2019-12-28 16:31
373121000.0,107.45941833333332,5.717219999999999,12.3,4560,2019-12-28 16:40
373121000.0,107.41080166666669,5.664538333333334,12.3,4560,2019-12-28 17:01
373121000.0,107.37473500000002,5.627483333333332,12.2,4560,2019-12-28 17:16
373121000.0,107.347475,5.604923333333334,12.3,4560,2019-12-28 17:26
373121000.0,107.25795166666668,5.5266166666666665,12.2,4560,2019-12-28 18:01
373121000.0,107.22174833333334,5.490038333333334,12.2,4560,2019-12-28 18:16
373121000.0,107.19037333333333,5.44954,12.1,4560,2019-12-28 18:32
373121000.0,107.11208666666668,5.382751666666668,12.2,4560,2019-12-28 19:02
373121000.0,107.07412,5.348883333333333,12.1,4560,2019-12-28 19:17
373121000.0,107.03152333333334,5.30989,12.2,4560,2019-12-28 19:34
373121000.0,106.96331333333332,5.242913333333333,12.2,4560,2019-12-28 20:02
373121000.0,106.92883666666668,5.204993333333333,12.2,4560,2019-12-28 20:17
373121000.0,106.85427833333334,5.1337150000000005,12.2,4560,2019-12-28 20:47
373121000.0,106.816205,5.098793333333333,12.3,4560,2019-12-28 21:02
373121000.0,106.77854166666668,5.063845,12.3,4560,2019-12-28 21:17
373121000.0,106.70380166666666,4.99355,12.1,4560,2019-12-28 21:48
373121000.0,106.66716666666666,4.958546666666667,12.0,4560,2019-12-28 22:03
373121000.0,106.62782833333333,4.92606,12.1,4560,2019-12-28 22:18
373121000.0,106.55596333333334,4.854744999999999,12.1,4560,2019-12-28 22:48
373121000.0,106.53402833333334,4.832253333333333,12.1,4560,2019-12-28 22:57
373121000.0,106.52036333333334,4.818238333333333,12.0,4560,2019-12-28 23:03
373121000.0,106.49880166666668,4.796426666666667,12.0,4560,2019-12-28 23:12
373121000.0,106.46285333333331,4.760461666666667,12.0,4560,2019-12-28 23:27
373121000.0,106.41258333333332,4.711513333333333,11.9,4560,2019-12-28 23:48
373121000.0,106.39076666666666,4.690141666666666,12.0,4560,2019-12-28 23:58
373121000.0,106.37676,4.676456666666667,12.0,4560,2019-12-29 00:03
373121000.0,106.35499333333334,4.655028333333333,12.0,4560,2019-12-29 00:13
373121000.0,106.31431833333332,4.614443333333333,12.0,4560,2019-12-29 00:30
373121000.0,106.26962833333332,4.569628333333333,11.9,4560,2019-12-29 00:49
373121000.0,106.234885,4.534516666666667,12.0,4560,2019-12-29 01:04
373121000.0,106.19900666666666,4.498068333333333,11.9,4560,2019-12-29 01:19
373121000.0,106.12681833333332,4.4288,11.8,4560,2019-12-29 01:49
373121000.0,106.09098833333331,4.394268333333334,11.8,4560,2019-12-29 02:04
373121000.0,106.05513333333332,4.359746666666667,11.8,4560,2019-12-29 02:19
373121000.0,106.01328,4.315898333333333,11.9,4560,2019-12-29 02:38
373121000.0,105.985885,4.288056666666667,11.9,4560,2019-12-29 02:49
373121000.0,105.97725333333334,4.279485,11.9,4560,2019-12-29 02:53
373121000.0,105.95732833333334,4.247698333333333,11.9,4560,2019-12-29 03:05
373121000.0,105.93192166666668,4.191365,11.9,4560,2019-12-29 03:23
373121000.0,105.91080333333332,4.1461,11.9,4560,2019-12-29 03:38
373121000.0,105.892785,4.1125316666666665,11.9,4560,2019-12-29 03:50
373121000.0,105.86705166666668,4.069975,11.3,4560,2019-12-29 04:05
373121000.0,105.8304,4.025391666666667,11.8,4560,2019-12-29 04:24
373121000.0,105.77174833333332,3.9165733333333335,11.9,4560,2019-12-29 05:01
373121000.0,105.74340166666668,3.85959,12.0,4560,2019-12-29 05:21
373121000.0,105.72037833333331,3.812943333333333,12.0,4560,2019-12-29 05:36
373121000.0,105.709245,3.790615,11.9,4560,2019-12-29 05:44
373121000.0,105.69868999999998,3.7693966666666654,11.9,4560,2019-12-29 05:51
373121000.0,105.677175,3.724576666666666,11.7,4560,2019-12-29 06:06
373121000.0,105.65109,3.652208333333333,11.9,4560,2019-12-29 06:29
373121000.0,105.64019,3.628926666666666,12.0,4560,2019-12-29 06:37
373121000.0,105.62761833333332,3.60416,12.0,4560,2019-12-29 06:45
373121000.0,105.61852166666668,3.586218333333333,12.0,4560,2019-12-29 06:51
373121000.0,105.59588333333332,3.5414266666666667,12.0,4560,2019-12-29 07:06
373121000.0,105.56820166666668,3.498988333333333,12.0,4560,2019-12-29 07:21
373121000.0,105.54131166666669,3.453425,12.0,4560,2019-12-29 07:37
373121000.0,105.52656666666668,3.42852,12.0,4560,2019-12-29 07:46
373121000.0,105.517755,3.411671666666667,12.0,4560,2019-12-29 07:52
373121000.0,105.49570833333334,3.365698333333333,11.9,4560,2019-12-29 08:07
373121000.0,105.457555,3.294788333333333,12.0,4560,2019-12-29 08:31
373121000.0,105.43009,3.2522816666666667,12.0,4560,2019-12-29 08:46
373121000.0,105.41962833333334,3.2365116666666665,12.0,4560,2019-12-29 08:52
373121000.0,105.40211833333332,3.210058333333333,12.0,4560,2019-12-29 09:01
373121000.0,105.37826,3.166428333333333,11.9,4560,2019-12-29 09:16
373121000.0,105.34054166666668,3.1097433333333333,12.0,4560,2019-12-29 09:37
373121000.0,105.33419666666668,3.1001366666666668,11.9,4560,2019-12-29 09:40
373121000.0,105.31731,3.0654266666666667,11.9,4560,2019-12-29 09:52
373121000.0,105.29886166666668,3.0191416666666666,11.8,4560,2019-12-29 10:07
373121000.0,105.281585,2.972748333333333,11.9,4560,2019-12-29 10:22
373121000.0,105.26501666666668,2.92332,11.9,4560,2019-12-29 10:38
373121000.0,105.245845,2.87952,11.8,4560,2019-12-29 10:53
373121000.0,105.22184,2.83586,11.8,4560,2019-12-29 11:08
373121000.0,105.20414166666669,2.799166666666667,11.6,4560,2019-12-29 11:20
373121000.0,105.17981333333331,2.745921666666667,11.7,4560,2019-12-29 11:38
373121000.0,105.15954166666668,2.701643333333333,11.7,4560,2019-12-29 11:53
373121000.0,105.136355,2.65081,11.6,4560,2019-12-29 12:11
373121000.0,105.122465,2.620478333333333,11.6,4560,2019-12-29 12:21
373121000.0,105.08472,2.5289866666666665,11.6,4560,2019-12-29 12:52
373121000.0,105.05725666666666,2.47439,11.6,4560,2019-12-29 13:10
373121000.0,105.03317166666666,2.433298333333333,11.4,4560,2019-12-29 13:25
373121000.0,105.01551833333332,2.393018333333333,11.8,4560,2019-12-29 13:39
373121000.0,105.00202666666668,2.3572,12.0,4560,2019-12-29 13:51
373121000.0,104.98003,2.29275,11.9,4560,2019-12-29 14:11
373121000.0,104.95535333333332,2.249351666666666,11.8,4560,2019-12-29 14:26
373121000.0,104.92989333333334,2.214243333333333,11.7,4560,2019-12-29 14:39
373121000.0,104.92353666666666,2.2061766666666665,11.6,4560,2019-12-29 14:43
373121000.0,104.89618166666666,2.1711983333333333,11.7,4560,2019-12-29 14:56
373121000.0,104.86797666666666,2.12374,11.6,4560,2019-12-29 15:13
373121000.0,104.84963,2.08971,11.5,4560,2019-12-29 15:25
373121000.0,104.83919333333333,2.0700416666666666,11.4,4560,2019-12-29 15:32
373121000.0,104.81954666666668,2.0333433333333333,11.2,4560,2019-12-29 15:46
373121000.0,104.81137333333334,2.018155,11.2,4560,2019-12-29 15:51
373121000.0,104.79617,1.9879666666666669,11.2,4560,2019-12-29 16:02
373121000.0,104.779235,1.9537766666666667,11.1,4560,2019-12-29 16:14
373121000.0,104.75693166666667,1.9147,10.9,4560,2019-12-29 16:29
373121000.0,104.75023166666666,1.90286,10.9,4560,2019-12-29 16:33
373121000.0,104.73707,1.8800233333333327,10.9,4560,2019-12-29 16:42
373121000.0,104.72231,1.853241666666667,10.8,4560,2019-12-29 16:52
373121000.0,104.70674,1.8244033333333327,10.9,4560,2019-12-29 17:03
373121000.0,104.69416833333334,1.8001233333333333,11.0,4560,2019-12-29 17:12
373121000.0,104.66876166666668,1.7511616666666667,11.0,4560,2019-12-29 17:30
373121000.0,104.64964,1.717455,10.9,4560,2019-12-29 17:43
373121000.0,104.63550333333332,1.6906516666666669,10.9,4560,2019-12-29 17:53
373121000.0,104.62066833333331,1.6614766666666667,10.9,4560,2019-12-29 18:03
373121000.0,104.60877666666669,1.63755,10.9,4560,2019-12-29 18:12
373121000.0,104.59037333333332,1.600666666666667,10.7,4560,2019-12-29 18:26
373121000.0,104.58484333333334,1.5895733333333333,10.5,4560,2019-12-29 18:30
373121000.0,104.57090333333332,1.5613733333333333,10.4,4560,2019-12-29 18:41
373121000.0,104.55979166666668,1.5384733333333334,10.3,4560,2019-12-29 18:50
373121000.0,104.53643666666666,1.5081516666666666,10.0,4560,2019-12-29 19:04
373121000.0,104.51700333333334,1.4885783333333331,10.4,4560,2019-12-29 19:13
373121000.0,104.494465,1.4671,10.2,4560,2019-12-29 19:24
373121000.0,104.481345,1.45462,10.0,4560,2019-12-29 19:30
373121000.0,104.46036666666669,1.4337966666666666,10.2,4560,2019-12-29 19:42
373121000.0,104.43759166666666,1.4135866666666668,10.3,4560,2019-12-29 19:52
373121000.0,104.418845,1.396455,10.1,4560,2019-12-29 20:01
373121000.0,104.38604,1.366015,10.3,4560,2019-12-29 20:17
373121000.0,104.37983,1.3602016666666668,10.3,4560,2019-12-29 20:20
373121000.0,104.358325,1.339145,10.7,4560,2019-12-29 20:30
373121000.0,104.33679333333332,1.31875,10.8,4560,2019-12-29 20:40
373121000.0,104.31092166666669,1.30706,10.9,4560,2019-12-29 20:50
373121000.0,104.27900666666666,1.3008716666666666,11.3,4560,2019-12-29 21:00
373121000.0,104.25092,1.295313333333333,11.3,4560,2019-12-29 21:10
373121000.0,104.21858166666668,1.289675,11.4,4560,2019-12-29 21:20
373121000.0,104.18770833333332,1.28633,11.5,4560,2019-12-29 21:30
373121000.0,104.15462333333332,1.2840116666666668,11.8,4560,2019-12-29 21:40
373121000.0,104.12112666666668,1.2820433333333334,11.6,4560,2019-12-29 21:51
373121000.0,104.09031333333331,1.280375,11.6,4560,2019-12-29 22:00
373121000.0,104.05914833333334,1.2763183333333334,11.7,4560,2019-12-29 22:10
373121000.0,104.02790666666668,1.2702233333333333,12.0,4560,2019-12-29 22:20
405000264.0,104.04368333333332,1.2475,9.0,5037,2019-12-09 17:20
405000264.0,104.06948333333334,1.2515833333333333,9.1,5037,2019-12-09 17:30
405000264.0,104.0959,1.2554,9.3,5037,2019-12-09 17:40
405000264.0,104.12111666666668,1.2593333333333334,9.4,5037,2019-12-09 17:50
405000264.0,104.14758333333332,1.26255,9.4,5037,2019-12-09 18:00
405000264.0,104.17325,1.2653833333333333,9.5,5037,2019-12-09 18:10
405000264.0,104.19925,1.2696166666666666,9.4,5037,2019-12-09 18:20
405000264.0,104.22518333333332,1.2740333333333334,9.4,5037,2019-12-09 18:30
405000264.0,104.25115,1.2787333333333333,9.2,5037,2019-12-09 18:40
405000264.0,104.27748333333334,1.28235,9.2,5037,2019-12-09 18:50
405000264.0,104.30228333333334,1.2847,8.8,5037,2019-12-09 19:00
405000264.0,104.32573333333332,1.2888166666666667,8.0,5037,2019-12-09 19:10
405000264.0,104.35133333333332,1.307316666666667,7.9,5037,2019-12-09 19:24
405000264.0,104.36213333333332,1.3171333333333333,8.1,5037,2019-12-09 19:31
405000264.0,104.38545,1.3368833333333334,7.9,5037,2019-12-09 19:45
405000264.0,104.39556666666668,1.3459166666666669,7.9,5037,2019-12-09 19:51
405000264.0,104.4128,1.3607333333333334,7.9,5037,2019-12-09 20:01
405000264.0,104.43563333333331,1.3797666666666666,7.7,5037,2019-12-09 20:15
405000264.0,104.44333333333331,1.3866333333333334,7.8,5037,2019-12-09 20:20
405000264.0,104.4598,1.4011166666666666,7.8,5037,2019-12-09 20:30
405000264.0,104.485,1.4219833333333334,8.1,5037,2019-12-09 20:44
405000264.0,104.49438333333332,1.429533333333333,8.5,5037,2019-12-09 20:50
405000264.0,104.51825,1.4488833333333333,8.6,5037,2019-12-09 21:02
405000264.0,104.54535,1.4713833333333333,8.8,5037,2019-12-09 21:17
405000264.0,104.55206666666666,1.4769,8.9,5037,2019-12-09 21:21
405000264.0,104.58795,1.4968666666666666,8.7,5037,2019-12-09 21:37
405000264.0,104.62455,1.531,9.0,5037,2019-12-09 21:57
405000264.0,104.63206666666666,1.5386833333333334,8.9,5037,2019-12-09 22:01
405000264.0,104.65656666666666,1.57215,9.0,5037,2019-12-09 22:18
405000264.0,104.66205,1.5827166666666668,8.8,5037,2019-12-09 22:23
405000264.0,104.67445333333332,1.6087466666666668,8.9,5037,2019-12-09 22:35
405000264.0,104.69195,1.645,8.8,5037,2019-12-09 22:51
405000264.0,104.70931666666668,1.6833333333333331,9.1,5037,2019-12-09 23:07
405000264.0,104.71225,1.69035,9.1,5037,2019-12-09 23:10
405000264.0,104.72371666666666,1.7181833333333334,9.0,5037,2019-12-09 23:22
405000264.0,104.73266666666666,1.7392,9.1,5037,2019-12-09 23:31
405000264.0,104.74029333333333,1.76368,9.1,5037,2019-12-09 23:41
405000264.0,104.75163333333332,1.7973333333333332,8.9,5037,2019-12-09 23:55
405000264.0,104.7604,1.8199166666666664,9.2,5037,2019-12-10 00:04
405000264.0,104.77613333333332,1.8535166666666667,9.1,5037,2019-12-10 00:19
405000264.0,104.7801,1.8617666666666663,9.2,5037,2019-12-10 00:23
405000264.0,104.79325,1.8883333333333328,9.2,5037,2019-12-10 00:34
405000264.0,104.80485,1.9125,9.2,5037,2019-12-10 00:44
405000264.0,104.83178333333332,1.9672666666666667,9.1,5037,2019-12-10 01:09
405000264.0,104.8345,1.97275,9.0,5037,2019-12-10 01:11
405000264.0,104.85491666666668,2.0164,9.0,5037,2019-12-10 01:30
405000264.0,104.86635,2.04245,8.9,5037,2019-12-10 01:41
405000264.0,104.8829,2.0803333333333334,9.1,5037,2019-12-10 01:57
405000264.0,104.8904,2.097566666666667,9.2,5037,2019-12-10 02:04
405000264.0,104.89748333333333,2.114183333333333,9.3,5037,2019-12-10 02:12
405000264.0,104.90993333333331,2.1433833333333334,9.0,5037,2019-12-10 02:24
405000264.0,104.92081666666668,2.1685,9.1,5037,2019-12-10 02:34
405000264.0,104.9276,2.184133333333333,9.1,5037,2019-12-10 02:41
405000264.0,104.94348333333332,2.2217166666666666,9.0,5037,2019-12-10 02:57
405000264.0,104.95128333333334,2.2389666666666668,9.1,5037,2019-12-10 03:05
405000264.0,104.97715,2.2947166666666665,8.9,5037,2019-12-10 03:29
405000264.0,104.98158333333332,2.306433333333333,9.1,5037,2019-12-10 03:34
405000264.0,104.98725,2.32185,9.1,5037,2019-12-10 03:40
405000264.0,104.99491666666668,2.342583333333333,9.0,5037,2019-12-10 03:50
405000264.0,105.03188333333334,2.4382333333333333,9.2,5037,2019-12-10 04:30
405000264.0,105.04718333333334,2.4751,9.0,5037,2019-12-10 04:46
405000264.0,105.05188333333334,2.484933333333333,9.1,5037,2019-12-10 04:50
405000264.0,105.06341666666668,2.5098,9.2,5037,2019-12-10 05:01
405000264.0,105.08373333333331,2.555233333333333,9.1,5037,2019-12-10 05:20
405000264.0,105.09453333333332,2.57925,9.1,5037,2019-12-10 05:30
405000264.0,105.11056666666668,2.6150166666666665,9.1,5037,2019-12-10 05:46
405000264.0,105.1154,2.6258,9.0,5037,2019-12-10 05:51
405000264.0,105.1262,2.649966666666667,9.1,5037,2019-12-10 06:01
405000264.0,105.16263333333332,2.73025,9.1,5037,2019-12-10 06:36
405000264.0,105.17853333333332,2.7664,9.3,5037,2019-12-10 06:51
405000264.0,105.19331666666666,2.800933333333333,9.1,5037,2019-12-10 07:06
405000264.0,105.21701666666668,2.855566666666667,8.7,5037,2019-12-10 07:29
405000264.0,105.2541,2.94125,8.9,5037,2019-12-10 08:06
405000264.0,105.27801666666667,2.9963,9.2,5037,2019-12-10 08:30
405000264.0,105.29413333333332,3.0318,9.6,5037,2019-12-10 08:45
405000264.0,105.31056666666667,3.068583333333333,9.2,5037,2019-12-10 09:00
405000264.0,105.3458,3.13815,9.1,5037,2019-12-10 09:30
405000264.0,105.36545,3.172433333333333,9.5,5037,2019-12-10 09:45
405000264.0,105.38561666666666,3.2076166666666666,9.4,5037,2019-12-10 10:00
405000264.0,105.4053,3.2427166666666665,9.5,5037,2019-12-10 10:16
405000264.0,105.49676666666667,3.4060166666666665,9.4,5037,2019-12-10 11:25
405000264.0,105.51363333333332,3.434266666666667,9.5,5037,2019-12-10 11:38
405000264.0,105.53538333333331,3.468566666666667,9.7,5037,2019-12-10 11:53
405000264.0,105.558,3.502733333333333,9.5,5037,2019-12-10 12:08
405000264.0,105.60356666666668,3.56985,9.6,5037,2019-12-10 12:39
405000264.0,105.62811666666668,3.60765,9.5,5037,2019-12-10 12:55
405000264.0,105.64726666666668,3.6374,9.7,5037,2019-12-10 13:09
405000264.0,105.73266666666666,3.7703166666666665,9.3,5037,2019-12-10 14:08
405000264.0,105.75673333333332,3.8100666666666654,9.3,5037,2019-12-10 14:26
405000264.0,105.77421666666666,3.8397833333333335,9.3,5037,2019-12-10 14:39
405000264.0,105.83615,3.94005,9.1,5037,2019-12-10 15:25
405000264.0,105.8572,3.972333333333333,9.1,5037,2019-12-10 15:40
405000264.0,105.9003,4.038583333333333,9.2,5037,2019-12-10 16:11
405000264.0,105.92655,4.079866666666667,9.2,5037,2019-12-10 16:30
405000264.0,105.9676,4.14465,9.2,5037,2019-12-10 17:00
405000264.0,105.98758333333332,4.176716666666667,9.1,5037,2019-12-10 17:15
405000264.0,106.0076,4.209666666666666,9.2,5037,2019-12-10 17:30
405000264.0,106.04898333333334,4.2732,9.0,5037,2019-12-10 18:00
405000264.0,106.06946666666668,4.304966666666667,9.0,5037,2019-12-10 18:15
405000264.0,106.08908333333332,4.3369333333333335,8.7,5037,2019-12-10 18:31
405000264.0,106.11716666666666,4.382616666666666,8.8,5037,2019-12-10 18:52
405000264.0,106.13746666666668,4.414166666666667,8.8,5037,2019-12-10 19:07
405000264.0,106.2003,4.508483333333333,8.9,5037,2019-12-10 19:53
405000264.0,106.21143333333332,4.524816666666666,8.7,5037,2019-12-10 20:01
405000264.0,106.24565333333334,4.5748,8.9,5037,2019-12-10 20:26
405000264.0,106.28416666666666,4.631783333333333,8.9,5037,2019-12-10 20:53
405000264.0,106.30503333333333,4.662966666666667,8.9,5037,2019-12-10 21:08
405000264.0,106.32595,4.694333333333334,8.9,5037,2019-12-10 21:23
405000264.0,106.34603333333334,4.7242,8.8,5037,2019-12-10 21:38
405000264.0,106.3685,4.75775,8.8,5037,2019-12-10 21:54
405000264.0,106.40918333333332,4.819533333333333,9.1,5037,2019-12-10 22:24
405000264.0,106.43001666666666,4.851733333333334,9.1,5037,2019-12-10 22:39
405000264.0,106.45071666666666,4.8838,9.0,5037,2019-12-10 22:54
405000264.0,106.49213333333331,4.94815,9.2,5037,2019-12-10 23:24
405000264.0,106.54566666666666,5.0336,8.8,5037,2019-12-11 00:04
405000264.0,106.57451666666668,5.076866666666667,8.9,5037,2019-12-11 00:25
405000264.0,106.58773333333332,5.096,8.9,5037,2019-12-11 00:34
405000264.0,106.59615,5.1072,8.8,5037,2019-12-11 00:40
405000264.0,106.6331,5.154933333333333,8.7,5037,2019-12-11 01:04
405000264.0,106.65566666666666,5.185,8.8,5037,2019-12-11 01:19
405000264.0,106.66473333333332,5.1969666666666665,8.9,5037,2019-12-11 01:25
405000264.0,106.68713333333334,5.22685,8.8,5037,2019-12-11 01:40
405000264.0,106.7216,5.275566666666666,8.9,5037,2019-12-11 02:04
405000264.0,106.75083333333332,5.319833333333333,9.1,5037,2019-12-11 02:25
405000264.0,106.76328333333332,5.338866666666667,9.0,5037,2019-12-11 02:34
405000264.0,106.77168333333331,5.351766666666666,8.8,5037,2019-12-11 02:41
405000264.0,106.78403333333333,5.37065,9.0,5037,2019-12-11 02:50
405000264.0,106.83381666666666,5.446000000000001,8.8,5037,2019-12-11 03:26
405000264.0,106.85465,5.477433333333333,8.8,5037,2019-12-11 03:41
405000264.0,106.89698333333334,5.538433333333334,9.0,5037,2019-12-11 04:11
405000264.0,106.9267,5.580216666666668,8.7,5037,2019-12-11 04:32
405000264.0,106.94866666666668,5.611233333333334,8.9,5037,2019-12-11 04:47
405000264.0,106.98458333333332,5.660683333333332,9.1,5037,2019-12-11 05:11
405000264.0,107.01778333333333,5.707766666666667,9.0,5037,2019-12-11 05:34
405000264.0,107.04963333333332,5.755166666666668,9.1,5037,2019-12-11 05:56
405000264.0,107.06306666666669,5.7749,9.0,5037,2019-12-11 06:06
405000264.0,107.07095,5.786416666666668,9.0,5037,2019-12-11 06:12
405000264.0,107.08775,5.8160333333333325,9.0,5037,2019-12-11 06:25
405000264.0,107.10591666666669,5.8497666666666674,9.0,5037,2019-12-11 06:40
405000264.0,107.12156666666668,5.875616666666668,9.2,5037,2019-12-11 06:52
405000264.0,107.1458,5.9064,9.2,5037,2019-12-11 07:07
405000264.0,107.15348333333333,5.916616666666667,9.2,5037,2019-12-11 07:12
405000264.0,107.17436666666669,5.94395,9.3,5037,2019-12-11 07:26
405000264.0,107.19733333333332,5.976066666666667,9.3,5037,2019-12-11 07:41
405000264.0,107.21491666666668,6.001016666666668,9.5,5037,2019-12-11 07:52
405000264.0,107.24268333333332,6.040666666666668,9.2,5037,2019-12-11 08:11
405000264.0,107.2651,6.072766666666666,9.2,5037,2019-12-11 08:26
405000264.0,107.30461666666666,6.12895,9.2,5037,2019-12-11 08:53
405000264.0,107.33323333333334,6.169566666666666,9.2,5037,2019-12-11 09:12
405000264.0,107.35531666666668,6.200516666666666,9.1,5037,2019-12-11 09:27
405000264.0,107.37206666666668,6.224783333333333,9.0,5037,2019-12-11 09:38
405000264.0,107.37955,6.2357,9.2,5037,2019-12-11 09:43
405000264.0,107.3941,6.256483333333334,9.3,5037,2019-12-11 09:53
405000264.0,107.42181666666669,6.2962333333333325,9.3,5037,2019-12-11 10:12
405000264.0,107.4458,6.3309,9.1,5037,2019-12-11 10:28
405000264.0,107.46053333333332,6.35225,9.0,5037,2019-12-11 10:38
405000264.0,107.46798333333334,6.3631,9.0,5037,2019-12-11 10:44
405000264.0,107.48815,6.39275,9.1,5037,2019-12-11 10:58
405000264.0,107.49625,6.404683333333334,9.2,5037,2019-12-11 11:03
405000264.0,107.51068333333332,6.425883333333332,9.0,5037,2019-12-11 11:14
405000264.0,107.55286666666667,6.488333333333332,8.7,5037,2019-12-11 11:44
405000264.0,107.56883333333332,6.512666666666667,8.8,5037,2019-12-11 11:56
405000264.0,107.57635,6.527,8.4,5037,2019-12-11 12:02
405000264.0,107.58903333333332,6.55205,8.6,5037,2019-12-11 12:14
405000264.0,107.59745,6.565433333333332,8.6,5037,2019-12-11 12:20
405000264.0,107.6228,6.6022333333333325,8.3,5037,2019-12-11 12:39
405000264.0,107.62938333333334,6.6121333333333325,8.5,5037,2019-12-11 12:44
405000264.0,107.6489,6.641283333333332,8.6,5037,2019-12-11 12:59
405000264.0,107.69091666666668,6.700566666666668,8.4,5037,2019-12-11 13:30
405000264.0,107.70531666666666,6.719866666666666,8.5,5037,2019-12-11 13:40
405000264.0,107.72903333333332,6.754066666666668,8.3,5037,2019-12-11 13:57
405000264.0,107.73208333333334,6.758516666666668,8.4,5037,2019-12-11 14:00
405000264.0,107.76431666666667,6.8123,8.4,5037,2019-12-11 14:27
405000264.0,107.76835,6.8191,8.5,5037,2019-12-11 14:30
405000264.0,107.78178333333334,6.84015,8.5,5037,2019-12-11 14:40
405000264.0,107.80221666666668,6.8695,8.5,5037,2019-12-11 14:55
405000264.0,107.80851666666666,6.878066666666666,8.5,5037,2019-12-11 15:00
405000264.0,107.82941666666666,6.9067,8.5,5037,2019-12-11 15:15
405000264.0,107.85065,6.9353,8.3,5037,2019-12-11 15:30
405000264.0,107.89055,6.989133333333332,8.3,5037,2019-12-11 15:59
405000264.0,107.89253333333332,6.99175,8.4,5037,2019-12-11 16:00
405000264.0,107.93563333333331,7.04875,8.6,5037,2019-12-11 16:30
405000264.0,107.95733333333334,7.077683333333334,8.6,5037,2019-12-11 16:46
405000264.0,107.9665,7.0899833333333335,8.5,5037,2019-12-11 16:52
405000264.0,107.97825,7.10665,8.5,5037,2019-12-11 17:01
405000264.0,107.99901666666666,7.13655,8.6,5037,2019-12-11 17:16
405000264.0,108.03068333333331,7.1832666666666665,8.6,5037,2019-12-11 17:39
405000264.0,108.03988333333334,7.196933333333333,8.7,5037,2019-12-11 17:46
405000264.0,108.06111666666666,7.229166666666668,8.5,5037,2019-12-11 18:02
405000264.0,108.10028333333334,7.287216666666668,8.5,5037,2019-12-11 18:31
405000264.0,108.12838333333332,7.3299166666666675,8.7,5037,2019-12-11 18:52
405000264.0,108.14106666666666,7.3489666666666675,8.6,5037,2019-12-11 19:01
405000264.0,108.17363333333331,7.397516666666666,8.7,5037,2019-12-11 19:25
405000264.0,108.19906666666668,7.43445,8.8,5037,2019-12-11 19:44
405000264.0,108.20753333333332,7.447016666666666,8.8,5037,2019-12-11 19:50
405000264.0,108.22645,7.475133333333333,8.9,5037,2019-12-11 20:03
405000264.0,108.24771666666666,7.506966666666668,8.8,5037,2019-12-11 20:19
405000264.0,108.2551,7.518383333333332,8.8,5037,2019-12-11 20:24
405000264.0,108.2693,7.5408,8.7,5037,2019-12-11 20:35
405000264.0,108.27643333333332,7.55235,8.7,5037,2019-12-11 20:40
405000264.0,108.29013333333332,7.574116666666668,8.8,5037,2019-12-11 20:51
405000264.0,108.30175,7.593283333333333,8.7,5037,2019-12-11 21:00
405000264.0,108.3149,7.61495,8.9,5037,2019-12-11 21:11
405000264.0,108.33558333333332,7.64745,8.9,5037,2019-12-11 21:26
405000264.0,108.34451666666666,7.66015,9.0,5037,2019-12-11 21:32
405000264.0,108.35811666666666,7.678783333333333,8.9,5037,2019-12-11 21:41
405000264.0,108.38188333333332,7.70825,8.9,5037,2019-12-11 21:56
405000264.0,108.39926666666666,7.729033333333334,9.0,5037,2019-12-11 22:07
405000264.0,108.40473333333334,7.735116666666666,8.9,5037,2019-12-11 22:10
405000264.0,108.43221666666666,7.7659166666666675,9.0,5037,2019-12-11 22:26
405000264.0,108.44585,7.781666666666666,8.9,5037,2019-12-11 22:35
405000264.0,108.45585,7.795733333333334,9.1,5037,2019-12-11 22:41
405000264.0,108.46803333333334,7.812666666666668,9.0,5037,2019-12-11 22:50
405000264.0,108.48793333333332,7.839933333333334,9.1,5037,2019-12-11 23:03
405000264.0,108.50135,7.858333333333332,9.1,5037,2019-12-11 23:12
405000264.0,108.51351666666666,7.875033333333333,9.0,5037,2019-12-11 23:20
405000264.0,108.53101666666667,7.898816666666668,9.0,5037,2019-12-11 23:31
405000264.0,108.55086666666666,7.9261,9.0,5037,2019-12-11 23:45
405000264.0,108.56926666666666,7.950916666666667,9.1,5037,2019-12-11 23:57
405000264.0,108.57666666666668,7.960866666666668,9.1,5037,2019-12-12 00:02
405000264.0,108.6041,7.999383333333332,9.1,5037,2019-12-12 00:20
405000264.0,108.6367,8.0439,8.6,5037,2019-12-12 00:42
405000264.0,108.6525,8.065566666666667,8.5,5037,2019-12-12 00:53
405000264.0,108.66643333333332,8.085233333333333,8.4,5037,2019-12-12 01:03
405000264.0,108.67851666666668,8.101966666666666,8.5,5037,2019-12-12 01:12
405000264.0,108.71143333333332,8.147416666666668,8.6,5037,2019-12-12 01:36
405000264.0,108.72193333333334,8.160916666666667,8.7,5037,2019-12-12 01:42
405000264.0,108.75505,8.200483333333333,8.9,5037,2019-12-12 02:03
405000264.0,108.79906666666666,8.256583333333333,8.9,5037,2019-12-12 02:32
405000264.0,108.81256666666668,8.273816666666667,9.0,5037,2019-12-12 02:40
405000264.0,108.82893333333334,8.294733333333333,8.8,5037,2019-12-12 02:51
405000264.0,108.85978333333334,8.33505,8.7,5037,2019-12-12 03:12
405000264.0,108.88256666666666,8.3645,8.7,5037,2019-12-12 03:27
405000264.0,108.90336666666668,8.3897,8.7,5037,2019-12-12 03:41
405000264.0,108.98853333333334,8.5183,8.0,5037,2019-12-12 04:47
405000264.0,108.99288333333334,8.524983333333333,8.1,5037,2019-12-12 04:50
405000264.0,109.04068333333332,8.58935,7.7,5037,2019-12-12 05:25
405000264.0,109.0611,8.614983333333333,7.5,5037,2019-12-12 05:41
405000264.0,109.22666666666667,8.87855,7.6,5037,2019-12-12 08:11
405000264.0,109.24211666666666,8.907033333333333,7.7,5037,2019-12-12 08:25
405000264.0,109.26036666666668,8.937566666666667,7.7,5037,2019-12-12 08:42
405000264.0,109.28366666666666,8.968733333333333,7.9,5037,2019-12-12 09:00
405000264.0,109.30688333333332,8.9997,8.0,5037,2019-12-12 09:17
405000264.0,109.32691666666666,9.027233333333331,8.0,5037,2019-12-12 09:33
405000264.0,109.34416666666668,9.052833333333334,7.9,5037,2019-12-12 09:46
405000264.0,109.35345,9.068783333333334,8.0,5037,2019-12-12 09:55
405000264.0,109.36491666666667,9.088383333333333,8.0,5037,2019-12-12 10:04
405000264.0,109.37098333333331,9.0992,8.1,5037,2019-12-12 10:10
405000264.0,109.38836666666668,9.130233333333331,8.0,5037,2019-12-12 10:26
405000264.0,109.41395,9.177033333333334,7.9,5037,2019-12-12 10:50
405000264.0,109.4594,9.2485,8.0,5037,2019-12-12 11:27
405000264.0,109.50116666666666,9.321016666666669,8.2,5037,2019-12-12 12:04
405000264.0,109.53613333333334,9.382733333333332,8.1,5037,2019-12-12 12:35
405000264.0,109.56875,9.442533333333332,8.1,5037,2019-12-12 13:06
405000264.0,109.58506666666666,9.47315,8.2,5037,2019-12-12 13:21
405000264.0,109.6005,9.501866666666666,8.2,5037,2019-12-12 13:35
405000264.0,109.61861666666668,9.53105,8.1,5037,2019-12-12 13:50
405000264.0,109.65513333333334,9.590333333333334,8.3,5037,2019-12-12 14:20
405000264.0,109.678,9.62765,8.2,5037,2019-12-12 14:39
405000264.0,109.71371666666668,9.690666666666669,8.3,5037,2019-12-12 15:10
405000264.0,109.72481666666668,9.710933333333331,8.2,5037,2019-12-12 15:20
405000264.0,109.78881666666666,9.810983333333333,8.3,5037,2019-12-12 16:10
405000264.0,109.80856666666666,9.841416666666667,8.5,5037,2019-12-12 16:25
405000264.0,109.84821666666669,9.90675,8.7,5037,2019-12-12 16:58
405000264.0,109.86565,9.936366666666666,9.1,5037,2019-12-12 17:11
405000264.0,109.88363333333334,9.967466666666668,8.3,5037,2019-12-12 17:26
405000264.0,109.9197,10.028883333333331,8.5,5037,2019-12-12 17:56
405000264.0,109.9379,10.0596,8.4,5037,2019-12-12 18:11
405000264.0,109.95591666666668,10.090183333333334,8.2,5037,2019-12-12 18:26
405000264.0,109.99253333333333,10.151016666666669,8.3,5037,2019-12-12 18:57
405000264.0,110.01133333333334,10.1816,8.3,5037,2019-12-12 19:12
405000264.0,110.04123333333334,10.230683333333332,8.2,5037,2019-12-12 19:36
405000264.0,110.06728333333334,10.271816666666666,8.3,5037,2019-12-12 19:57
405000264.0,110.08476666666668,10.300083333333331,8.4,5037,2019-12-12 20:11
405000264.0,110.12021666666666,10.359366666666666,8.6,5037,2019-12-12 20:40
405000264.0,110.14151666666666,10.396783333333332,8.8,5037,2019-12-12 20:58
405000264.0,110.17501666666666,10.455733333333333,8.8,5037,2019-12-12 21:26
405000264.0,110.18785,10.47905,8.9,5037,2019-12-12 21:36
405000264.0,110.19736666666668,10.49595,9.0,5037,2019-12-12 21:44
405000264.0,110.20861666666669,10.516133333333334,8.9,5037,2019-12-12 21:54
405000264.0,110.21566666666666,10.529116666666669,8.9,5037,2019-12-12 22:00
405000264.0,110.23555,10.562483333333333,9.1,5037,2019-12-12 22:15
405000264.0,110.24458333333334,10.5782,9.1,5037,2019-12-12 22:22
405000264.0,110.25516666666668,10.595783333333332,9.1,5037,2019-12-12 22:30
405000264.0,110.26806666666668,10.616883333333334,8.9,5037,2019-12-12 22:40
405000264.0,110.28973333333332,10.651766666666669,9.1,5037,2019-12-12 22:56
405000264.0,110.30508333333331,10.676683333333331,9.1,5037,2019-12-12 23:07
405000264.0,110.31286666666666,10.689,9.3,5037,2019-12-12 23:13
405000264.0,110.33736666666668,10.728133333333334,9.3,5037,2019-12-12 23:31
405000264.0,110.35098333333332,10.74965,9.2,5037,2019-12-12 23:41
405000264.0,110.3716,10.781783333333331,9.3,5037,2019-12-12 23:54
405000264.0,110.40116666666668,10.828366666666666,9.4,5037,2019-12-13 00:17
405000264.0,110.4223,10.861283333333333,9.1,5037,2019-12-13 00:32
405000264.0,110.44371666666666,10.894616666666666,9.2,5037,2019-12-13 00:47
405000264.0,110.44755,10.900883333333333,9.3,5037,2019-12-13 00:50
405000264.0,110.46746666666668,10.9324,9.5,5037,2019-12-13 01:04
405000264.0,110.50905,11.001316666666664,9.4,5037,2019-12-13 01:35
405000264.0,110.52865,11.035683333333331,9.5,5037,2019-12-13 01:50
405000264.0,110.58746666666669,11.138833333333332,9.3,5037,2019-12-13 02:35
405000264.0,110.6086,11.172233333333333,9.6,5037,2019-12-13 02:50
405000264.0,110.63341666666666,11.211633333333332,9.7,5037,2019-12-13 03:07
405000264.0,110.78033333333332,11.4511,10.3,5037,2019-12-13 04:50
405000264.0,110.84425,11.557766666666666,10.4,5037,2019-12-13 05:33
405000264.0,110.88536666666668,11.625333333333336,10.6,5037,2019-12-13 05:59
405000264.0,110.97348333333332,11.771866666666664,10.4,5037,2019-12-13 06:57
405000264.0,111.00193333333333,11.819916666666666,10.5,5037,2019-12-13 07:16
405000264.0,111.11141666666668,11.998183333333332,10.5,5037,2019-12-13 08:27
405000264.0,111.29303333333333,12.306966666666666,10.7,5037,2019-12-13 10:29
405000264.0,111.32085,12.348783333333332,10.7,5037,2019-12-13 10:46
405000264.0,111.33596666666666,12.371383333333334,10.7,5037,2019-12-13 10:55
405000264.0,111.34783333333333,12.388816666666669,10.8,5037,2019-12-13 11:02
405000264.0,111.3653,12.414516666666668,10.8,5037,2019-12-13 11:12
405000264.0,111.37946666666669,12.435116666666667,10.6,5037,2019-12-13 11:20
405000264.0,111.40286666666668,12.4692,10.6,5037,2019-12-13 11:34
405000264.0,111.44218333333332,12.53225,10.5,5037,2019-12-13 11:59
405000264.0,111.48196666666666,12.597333333333331,10.5,5037,2019-12-13 12:25
405000264.0,111.49775,12.62255,10.5,5037,2019-12-13 12:35
405000264.0,111.52085,12.66345,10.4,5037,2019-12-13 12:51
405000264.0,111.54313333333332,12.704233333333333,10.1,5037,2019-12-13 13:07
405000264.0,111.5901,12.7915,10.4,5037,2019-12-13 13:41
405000264.0,111.62295,12.8526,10.4,5037,2019-12-13 14:05
405000264.0,111.65121666666668,12.901483333333331,10.3,5037,2019-12-13 14:24
405000264.0,111.69885,12.9769,10.4,5037,2019-12-13 14:55
405000264.0,111.71338333333334,12.9994,10.4,5037,2019-12-13 15:04
405000264.0,111.72291666666666,13.014166666666664,10.4,5037,2019-12-13 15:10
405000264.0,111.7509,13.058416666666664,10.4,5037,2019-12-13 15:28
405000264.0,111.792,13.12305,10.5,5037,2019-12-13 15:54
405000264.0,111.80393333333332,13.141966666666669,10.3,5037,2019-12-13 16:02
405000264.0,111.8419,13.201383333333334,10.6,5037,2019-12-13 16:26
405000264.0,111.87513333333334,13.25385,10.5,5037,2019-12-13 16:47
405000264.0,111.90351666666666,13.2984,10.3,5037,2019-12-13 17:05
405000264.0,111.9144,13.315566666666667,10.3,5037,2019-12-13 17:12
405000264.0,111.94748333333334,13.370116666666664,10.3,5037,2019-12-13 17:34
405000264.0,111.97303333333332,13.412966666666666,10.2,5037,2019-12-13 17:51
405000264.0,111.99801666666669,13.454783333333332,10.0,5037,2019-12-13 18:08
405000264.0,112.0212,13.49105,10.1,5037,2019-12-13 18:23
405000264.0,112.03463333333332,13.512966666666667,9.9,5037,2019-12-13 18:32
405000264.0,112.04795,13.535616666666666,10.0,5037,2019-12-13 18:42
405000264.0,112.08576666666669,13.600533333333331,9.8,5037,2019-12-13 19:08
405000264.0,112.11898333333332,13.6573,9.9,5037,2019-12-13 19:32
405000264.0,112.14108333333331,13.6949,9.8,5037,2019-12-13 19:48
405000264.0,112.17825,13.753716666666667,10.1,5037,2019-12-13 20:13
405000264.0,112.19485,13.780116666666665,10.1,5037,2019-12-13 20:24
405000264.0,112.22006666666668,13.822966666666666,9.9,5037,2019-12-13 20:41
405000264.0,112.24668333333334,13.867983333333331,9.9,5037,2019-12-13 21:00
405000264.0,112.26615,13.900816666666667,9.7,5037,2019-12-13 21:13
405000264.0,112.29731666666666,13.950533333333333,9.8,5037,2019-12-13 21:35
405000264.0,112.30833333333334,13.968316666666665,9.9,5037,2019-12-13 21:42
405000264.0,112.33936666666666,14.018033333333332,10.0,5037,2019-12-13 22:03
405000264.0,112.37805,14.080266666666668,9.8,5037,2019-12-13 22:30
405000264.0,112.40175,14.117766666666665,9.6,5037,2019-12-13 22:46
405000264.0,112.42848333333332,14.161216666666665,9.5,5037,2019-12-13 23:05
405000264.0,112.44673333333331,14.1925,9.2,5037,2019-12-13 23:19
405000264.0,112.44846666666666,14.195466666666665,9.2,5037,2019-12-13 23:20
405000264.0,112.47418333333331,14.238816666666668,9.3,5037,2019-12-13 23:39
405000264.0,112.4867,14.259783333333331,9.1,5037,2019-12-13 23:49
405000264.0,112.4944,14.2725,9.1,5037,2019-12-13 23:55
405000264.0,112.51341666666669,14.3048,8.5,5037,2019-12-14 00:10
405000264.0,112.53946666666668,14.3507,8.9,5037,2019-12-14 00:31
405000264.0,112.55785,14.383866666666664,9.2,5037,2019-12-14 00:46
405000264.0,112.58191666666669,14.425999999999998,9.4,5037,2019-12-14 01:04
405000264.0,113.01708333333332,15.127083333333331,8.8,5037,2019-12-14 06:27
405000264.0,113.0458,15.1727,9.1,5037,2019-12-14 06:48
405000264.0,113.20523333333334,15.429816666666667,9.1,5037,2019-12-14 08:46
405000264.0,113.42798333333332,15.790283333333331,8.6,5037,2019-12-14 11:36
405000264.0,113.47666666666667,15.8678,8.5,5037,2019-12-14 12:15
405000264.0,113.6707,16.191566666666667,8.8,5037,2019-12-14 14:45
405000264.0,113.83358333333334,16.452616666666668,8.3,5037,2019-12-14 16:52
405000264.0,113.90258333333334,16.562883333333332,8.3,5037,2019-12-14 17:47
405000264.0,113.95315,16.64625,8.8,5037,2019-12-14 18:27
405000264.0,113.98393333333334,16.697266666666668,8.8,5037,2019-12-14 18:51
405000264.0,114.01845,16.75065,8.6,5037,2019-12-14 19:16
405000264.0,114.05855,16.817233333333334,8.8,5037,2019-12-14 19:48
405000264.0,114.08065,16.854333333333333,8.8,5037,2019-12-14 20:05
405000264.0,114.12796666666668,16.936633333333333,9.0,5037,2019-12-14 20:43
405000264.0,114.13775,16.953866666666666,9.1,5037,2019-12-14 20:51
405000264.0,114.15475,16.985383333333335,8.9,5037,2019-12-14 21:05
405000264.0,114.16971666666667,17.013183333333334,9.0,5037,2019-12-14 21:17
405000264.0,114.1851,17.03745,8.8,5037,2019-12-14 21:29
405000264.0,114.20231666666666,17.063233333333333,8.8,5037,2019-12-14 21:41
405000264.0,114.22523333333334,17.096883333333334,8.7,5037,2019-12-14 21:57
405000264.0,114.2502,17.13145,8.9,5037,2019-12-14 22:14
405000264.0,114.50856666666668,17.521233333333335,9.5,5037,2019-12-15 01:12
405000264.0,114.52731666666666,17.55815,9.5,5037,2019-12-15 01:28
405000264.0,114.59645,17.68355,9.5,5037,2019-12-15 02:22
405000264.0,114.67846666666668,17.81175,9.6,5037,2019-12-15 03:18
405000264.0,114.76736666666666,17.958166666666667,9.5,5037,2019-12-15 04:21
405000264.0,114.89816666666668,18.1691,9.3,5037,2019-12-15 05:54
405000264.0,114.95166666666668,18.25265,9.2,5037,2019-12-15 06:32
405000264.0,115.0515,18.4104,9.1,5037,2019-12-15 07:44
405000264.0,115.07683333333334,18.451216666666667,9.4,5037,2019-12-15 08:03
405000264.0,115.1138,18.511,9.6,5037,2019-12-15 08:29
405000264.0,115.13211666666666,18.5416,9.6,5037,2019-12-15 08:42
405000264.0,115.17061666666666,18.60835,9.3,5037,2019-12-15 09:11
405000264.0,115.19346666666668,18.646283333333333,9.3,5037,2019-12-15 09:28
405000264.0,115.19703333333334,18.652266666666662,9.3,5037,2019-12-15 09:31
405000264.0,115.22733333333332,18.70283333333333,9.1,5037,2019-12-15 09:53
405000264.0,115.25471666666668,18.7465,9.0,5037,2019-12-15 10:13
405000264.0,115.26555,18.763433333333328,9.3,5037,2019-12-15 10:21
405000264.0,115.31468333333332,18.831883333333334,9.4,5037,2019-12-15 10:53
405000264.0,115.34351666666667,18.880683333333334,9.3,5037,2019-12-15 11:14
405000264.0,115.38296666666666,18.93498333333333,9.2,5037,2019-12-15 11:39
405000264.0,115.40901666666667,18.9768,9.2,5037,2019-12-15 11:58
405000264.0,115.43221666666666,19.0143,9.1,5037,2019-12-15 12:15
405000264.0,115.48451666666666,19.090566666666668,8.8,5037,2019-12-15 12:51
405000264.0,115.51135,19.12888333333333,9.0,5037,2019-12-15 13:10
405000264.0,115.52828333333332,19.153816666666668,9.3,5037,2019-12-15 13:21
405000264.0,115.58325,19.235233333333333,9.4,5037,2019-12-15 14:00
405000264.0,115.62665,19.28763333333333,9.1,5037,2019-12-15 14:25
405000264.0,115.66018333333334,19.326966666666667,9.2,5037,2019-12-15 14:45
405000264.0,115.71831666666668,19.4066,9.4,5037,2019-12-15 15:22
405000264.0,115.7912,19.514166666666668,9.0,5037,2019-12-15 16:11
405000264.0,115.8709,19.643666666666668,9.2,5037,2019-12-15 17:10
405000264.0,116.00648333333334,19.898233333333334,8.8,5037,2019-12-15 19:04
405000264.0,116.01343333333334,19.912216666666662,8.9,5037,2019-12-15 19:10
405000264.0,116.04125,19.970133333333333,9.0,5037,2019-12-15 19:35
405000264.0,116.0624,20.012016666666668,8.7,5037,2019-12-15 19:54
405000264.0,116.1295,20.13373333333333,8.9,5037,2019-12-15 20:49
405000264.0,116.13651666666668,20.14548333333333,9.2,5037,2019-12-15 20:54
405000264.0,116.15811666666669,20.182116666666666,9.2,5037,2019-12-15 21:10
405000264.0,116.18821666666666,20.2431,9.2,5037,2019-12-15 21:36
405000264.0,116.20433333333334,20.275633333333328,9.0,5037,2019-12-15 21:50
405000264.0,116.24695,20.3564,9.1,5037,2019-12-15 22:25
405000264.0,116.28883333333332,20.431016666666668,9.6,5037,2019-12-15 22:57
405000264.0,116.43368333333332,20.696,9.5,5037,2019-12-16 00:49
405000264.0,116.46026666666668,20.74295,9.7,5037,2019-12-16 01:09
405000264.0,116.48105,20.779333333333334,9.7,5037,2019-12-16 01:24
405000264.0,116.51705,20.84403333333333,9.6,5037,2019-12-16 01:51
405000264.0,116.54773333333333,20.8982,9.5,5037,2019-12-16 02:14
405000264.0,116.58358333333334,20.95763333333333,9.4,5037,2019-12-16 02:40
405000264.0,116.62748333333332,21.02445,9.5,5037,2019-12-16 03:09
405000264.0,116.6777,21.10895,9.6,5037,2019-12-16 03:46
405000264.0,116.691,21.1323,9.5,5037,2019-12-16 03:56
405000264.0,116.73306666666667,21.20723333333333,9.9,5037,2019-12-16 04:27
405000264.0,116.75343333333332,21.247316666666663,9.9,5037,2019-12-16 04:43
405000264.0,116.7759,21.289266666666663,10.1,5037,2019-12-16 05:00
405000264.0,116.82396666666666,21.380516666666665,10.2,5037,2019-12-16 05:36
405000264.0,116.8595,21.444316666666666,10.1,5037,2019-12-16 06:01
405000264.0,116.88796666666669,21.4905,10.2,5037,2019-12-16 06:20
405000264.0,116.92045,21.53988333333333,10.3,5037,2019-12-16 06:40
405000264.0,116.93566666666666,21.56893333333333,9.8,5037,2019-12-16 06:52
405000264.0,116.94631666666666,21.58971666666667,9.7,5037,2019-12-16 07:00
405000264.0,116.9611,21.617016666666668,9.8,5037,2019-12-16 07:11
405000264.0,116.98788333333331,21.66558333333333,9.7,5037,2019-12-16 07:31
405000264.0,117.00881666666666,21.70685,9.8,5037,2019-12-16 07:48
405000264.0,117.02381666666666,21.73736666666667,9.3,5037,2019-12-16 08:01
405000264.0,117.04905,21.79053333333333,9.3,5037,2019-12-16 08:23
405000264.0,117.06521666666669,21.82515,9.4,5037,2019-12-16 08:37
405000264.0,117.07118333333334,21.8396,9.7,5037,2019-12-16 08:43
405000264.0,117.08071666666666,21.86338333333333,9.7,5037,2019-12-16 08:52
405000264.0,117.08835,21.883000000000003,9.7,5037,2019-12-16 09:00
405000264.0,117.11811666666668,21.96073333333333,9.4,5037,2019-12-16 09:31
405000264.0,117.1395,21.9982,9.6,5037,2019-12-16 09:47
405000264.0,117.16131666666666,22.04738333333333,10.2,5037,2019-12-16 10:06
405000264.0,117.17123333333332,22.07941666666667,10.4,5037,2019-12-16 10:18
405000264.0,117.18195,22.11588333333333,10.5,5037,2019-12-16 10:31
405000264.0,117.19395,22.15595,10.6,5037,2019-12-16 10:45
405000264.0,117.20255,22.18016666666667,10.5,5037,2019-12-16 10:54
405000264.0,117.2141,22.203516666666665,10.2,5037,2019-12-16 11:03
405000264.0,117.2279,22.222016666666665,10.2,5037,2019-12-16 11:10
405000264.0,117.25165,22.25055,10.1,5037,2019-12-16 11:23
405000264.0,117.26473333333334,22.26638333333333,10.3,5037,2019-12-16 11:30
405000264.0,117.28348333333334,22.28943333333333,10.4,5037,2019-12-16 11:40
405000264.0,117.30168333333332,22.31423333333333,10.5,5037,2019-12-16 11:51
405000264.0,117.32646666666666,22.35893333333333,10.7,5037,2019-12-16 12:08
405000264.0,117.33331666666666,22.37478333333333,10.8,5037,2019-12-16 12:13
405000264.0,117.34868333333333,22.40975,10.9,5037,2019-12-16 12:26
405000264.0,117.36506666666666,22.448566666666668,11.2,5037,2019-12-16 12:39
405000264.0,117.37298333333334,22.46671666666667,11.1,5037,2019-12-16 12:46
405000264.0,117.37806666666668,22.4783,11.1,5037,2019-12-16 12:50
405000264.0,117.3913,22.50805,11.1,5037,2019-12-16 13:00
405000264.0,117.40413333333332,22.53661666666667,11.0,5037,2019-12-16 13:10
405000264.0,117.41595,22.56478333333333,10.9,5037,2019-12-16 13:20
405000264.0,117.4284,22.594466666666666,10.7,5037,2019-12-16 13:30
405000264.0,117.44291666666666,22.621416666666665,10.8,5037,2019-12-16 13:40
405000264.0,117.46521666666666,22.64705,10.5,5037,2019-12-16 13:51
405000264.0,117.48455,22.66693333333333,10.4,5037,2019-12-16 14:01
405000264.0,117.51841666666668,22.69805,10.5,5037,2019-12-16 14:16
405000264.0,117.52863333333332,22.707166666666662,10.5,5037,2019-12-16 14:20
405000264.0,117.55441666666668,22.72845,10.4,5037,2019-12-16 14:31
405000264.0,117.5742,22.74343333333333,10.3,5037,2019-12-16 14:40
405000264.0,117.60508333333334,22.7795,9.1,5037,2019-12-16 14:58
405000264.0,117.59001666666668,22.796316666666662,10.2,5037,2019-12-16 15:06
405000264.0,117.58186666666668,22.804566666666663,10.4,5037,2019-12-16 15:10
405000264.0,117.56603333333334,22.83255,10.2,5037,2019-12-16 15:21
405000264.0,117.56485,22.8638,9.9,5037,2019-12-16 15:32
405000264.0,117.58736666666668,22.87761666666667,10.0,5037,2019-12-16 15:41
405000264.0,117.60765,22.89353333333333,10.2,5037,2019-12-16 15:50
405000264.0,117.62495,22.918416666666666,10.2,5037,2019-12-16 16:00
405000264.0,117.63998333333332,22.94243333333333,10.1,5037,2019-12-16 16:10
405000264.0,117.65721666666668,22.9702,10.0,5037,2019-12-16 16:22
405000264.0,117.67075,22.99241666666667,10.0,5037,2019-12-16 16:31
405000264.0,117.68598333333334,23.01606666666667,9.7,5037,2019-12-16 16:41
405000264.0,117.699885,23.03731833333333,9.5,5037,2019-12-16 16:50
405000264.0,117.72602333333332,23.05857333333333,9.4,5037,2019-12-16 17:02
405000264.0,117.74268333333332,23.07196666666667,9.4,5037,2019-12-16 17:10
405000264.0,117.76925,23.09543333333333,9.4,5037,2019-12-16 17:23
405000264.0,117.785105,23.10998833333333,9.4,5037,2019-12-16 17:31
405000264.0,117.81936666666668,23.133725,9.5,5037,2019-12-16 17:46
405000264.0,117.82758333333334,23.139416666666666,9.5,5037,2019-12-16 17:50
405000264.0,117.85475,23.15336666666667,9.5,5037,2019-12-16 18:00
405000264.0,117.87438333333333,23.16955833333333,9.5,5037,2019-12-16 18:10
405000264.0,117.89425,23.19045,9.5,5037,2019-12-16 18:20
405000264.0,117.91408333333334,23.2097,9.5,5037,2019-12-16 18:30
405000264.0,117.93541666666668,23.22675,9.8,5037,2019-12-16 18:40
405000264.0,117.959445,23.24297833333333,9.9,5037,2019-12-16 18:50
405000264.0,117.98330333333334,23.259546666666665,10.1,5037,2019-12-16 19:00
405000264.0,118.00778333333334,23.27705,10.1,5037,2019-12-16 19:10
405000264.0,118.03241333333334,23.293995,10.2,5037,2019-12-16 19:20
405000264.0,118.05626666666667,23.31113333333333,10.3,5037,2019-12-16 19:30
405000264.0,118.08228333333334,23.3296,10.5,5037,2019-12-16 19:40
405000264.0,118.10815,23.3437,10.4,5037,2019-12-16 19:50
405000264.0,118.13215,23.36365,10.4,5037,2019-12-16 20:00
405000264.0,118.1541,23.38488333333333,10.5,5037,2019-12-16 20:10
405000264.0,118.17915,23.40233333333333,10.7,5037,2019-12-16 20:20
405000264.0,118.20598333333334,23.42048333333333,10.7,5037,2019-12-16 20:30
405000264.0,118.23173333333334,23.43873333333333,10.7,5037,2019-12-16 20:40
405000264.0,118.25706666666666,23.45686666666667,10.8,5037,2019-12-16 20:50
405000264.0,118.28306666666668,23.47598333333333,10.9,5037,2019-12-16 21:00
405000264.0,118.31119833333334,23.496551666666665,11.1,5037,2019-12-16 21:11
405000264.0,118.33626666666666,23.51503333333333,11.1,5037,2019-12-16 21:20
405000264.0,118.36416666666666,23.535416666666663,11.1,5037,2019-12-16 21:31
405000264.0,118.39036666666668,23.557016666666662,11.2,5037,2019-12-16 21:41
405000264.0,118.41358333333334,23.577966666666665,11.3,5037,2019-12-16 21:50
405000264.0,118.43763333333334,23.59976666666667,11.3,5037,2019-12-16 22:00
405000264.0,118.4613,23.62071666666667,11.4,5037,2019-12-16 22:10
405000264.0,118.488,23.64405,11.6,5037,2019-12-16 22:20
405000264.0,118.5129,23.665116666666663,11.9,5037,2019-12-16 22:30
405000264.0,118.53945,23.68923333333333,11.8,5037,2019-12-16 22:40
405000264.0,118.5602,23.71695,11.9,5037,2019-12-16 22:50
405000264.0,118.58056666666668,23.74286666666667,11.9,5037,2019-12-16 23:00
405000264.0,118.60626666666668,23.76856666666667,11.7,5037,2019-12-16 23:10
405000264.0,118.6296,23.79083333333333,11.2,5037,2019-12-16 23:20
405000264.0,118.65443333333332,23.8138,11.2,5037,2019-12-16 23:30
405000264.0,118.67698333333334,23.83453333333333,11.2,5037,2019-12-16 23:40
405000264.0,118.70131666666668,23.85678333333333,11.3,5037,2019-12-16 23:50
405000264.0,118.72541666666666,23.8787,11.2,5037,2019-12-17 00:00
405000264.0,118.74991666666666,23.90153333333333,11.3,5037,2019-12-17 00:10
405000264.0,118.77346666666666,23.92395,11.3,5037,2019-12-17 00:20
405000264.0,118.7982,23.9466,11.2,5037,2019-12-17 00:30
405000264.0,118.82565,23.96675,11.2,5037,2019-12-17 00:40
405000264.0,118.85355,23.9861,11.1,5037,2019-12-17 00:51
405000264.0,118.87676666666668,24.00598333333333,11.3,5037,2019-12-17 01:00
405000264.0,118.9034,24.025566666666663,11.2,5037,2019-12-17 01:10
405000264.0,118.92883333333332,24.04605,11.1,5037,2019-12-17 01:20
405000264.0,118.95401666666666,24.06705,11.2,5037,2019-12-17 01:30
405000264.0,118.97923333333334,24.08778333333333,11.1,5037,2019-12-17 01:40
405000264.0,119.00426666666668,24.10868333333333,11.0,5037,2019-12-17 01:50
405000264.0,119.03028333333332,24.1272,10.8,5037,2019-12-17 02:00
405000264.0,119.05638333333332,24.1452,10.7,5037,2019-12-17 02:10
405000264.0,119.07671666666668,24.168516666666665,10.8,5037,2019-12-17 02:20
405000264.0,119.09626666666666,24.19276666666667,10.8,5037,2019-12-17 02:30
405000264.0,119.1158,24.21693333333333,10.7,5037,2019-12-17 02:40
405000264.0,119.13501666666669,24.24125,10.7,5037,2019-12-17 02:50
405000264.0,119.17256666666668,24.278966666666665,10.6,5037,2019-12-17 03:10
405000264.0,119.30746666666668,24.404816666666665,10.4,5037,2019-12-17 04:10
405000264.0,119.32498333333334,24.4267,10.5,5037,2019-12-17 04:30
405000264.0,119.56285,24.61885,11.5,5037,2019-12-17 05:51
405000264.0,119.59416666666668,24.64398333333333,11.5,5037,2019-12-17 06:02
405000264.0,119.62035,24.66238333333333,11.6,5037,2019-12-17 06:12
405000264.0,119.67203333333332,24.692266666666665,11.6,5037,2019-12-17 06:29
405000264.0,119.68683333333334,24.70475,11.7,5037,2019-12-17 06:35
405000264.0,119.72633333333332,24.740766666666666,11.9,5037,2019-12-17 06:50
405000264.0,119.75123333333332,24.76406666666667,11.9,5037,2019-12-17 07:00
405000264.0,119.77661666666668,24.78818333333333,12.1,5037,2019-12-17 07:10
405000264.0,119.80186666666668,24.81218333333333,12.1,5037,2019-12-17 07:20
405000264.0,119.82953333333332,24.83448333333333,12.0,5037,2019-12-17 07:30
405000264.0,119.85353333333332,24.8608,12.1,5037,2019-12-17 07:40
405000264.0,119.877,24.887566666666668,12.3,5037,2019-12-17 07:50
405000264.0,119.90151666666668,24.91441666666667,12.3,5037,2019-12-17 08:00
405000264.0,119.92611666666669,24.93933333333333,12.4,5037,2019-12-17 08:10
405000264.0,119.95301666666668,24.964216666666665,12.3,5037,2019-12-17 08:20
